"";"id";"paper_no";"species_complete";"simp_trait";"T";"mean";"units"
"1";1;1000;"Cyclura nubila";"Mass";28;74,5;"g"
"2";1;1000;"Cyclura nubila";"Mass";28;75,5;"g"
"3";1;1000;"Cyclura nubila";"Mass";28;72,9;"g"
"4";1;1000;"Cyclura nubila";"Mass";29,5;72,6;"g"
"5";1;1000;"Cyclura nubila";"Mass";29,5;72;"g"
"6";1;1000;"Cyclura nubila";"Mass";29,5;73,5;"g"
"7";1;1000;"Cyclura nubila";"Mass";31;74,6;"g"
"8";1;1000;"Cyclura nubila";"Mass";31;77,6;"g"
"9";1;1000;"Cyclura nubila";"Mass";31;74,3;"g"
"10";1;1000;"Cyclura nubila";"Mass";28;46,5;"g"
"11";1;1000;"Cyclura nubila";"Mass";28;54,5;"g"
"12";1;1000;"Cyclura nubila";"Mass";28;46,6;"g"
"13";1;1000;"Cyclura nubila";"Mass";29,5;47,5;"g"
"14";1;1000;"Cyclura nubila";"Mass";29,5;45,6;"g"
"15";1;1000;"Cyclura nubila";"Mass";29,5;51,3;"g"
"16";1;1000;"Cyclura nubila";"Mass";31;51,1;"g"
"17";1;1000;"Cyclura nubila";"Mass";31;47,1;"g"
"18";1;1000;"Cyclura nubila";"Mass";31;43,4;"g"
"19";20;1007;"Sceloporus scalaris";"Mass";17,9;0,2512;"g"
"20";21;1007;"Sceloporus virgatus";"Mass";17,9;0,4149;"g"
"21";22;1007;"Sceloporus aneus";"Mass";23;0,217;"g"
"22";23;1007;"Sceloporus undulatus";"Mass";23;0,556;"g"
"23";22;1007;"Sceloporus aneus";"Mass";25;0,215;"g"
"24";23;1007;"Sceloporus undulatus";"Mass";25;0,554;"g"
"25";24;1007;"Sceloporus occidentalis";"Mass";25,1;0,645;"g"
"26";25;1007;"Urosaurus ornatus";"Mass";25,1;0,2098;"g"
"27";20;1007;"Sceloporus scalaris";"Mass";25,1;0,2643;"g"
"28";21;1007;"Sceloporus virgatus";"Mass";25,1;0,3955;"g"
"29";25;1007;"Urosaurus ornatus";"Mass";27,3;0,2421;"g"
"30";20;1007;"Sceloporus scalaris";"Mass";27,3;0,268;"g"
"31";21;1007;"Sceloporus virgatus";"Mass";27,3;0,398;"g"
"32";22;1007;"Sceloporus aneus";"Mass";28;0,214;"g"
"33";23;1007;"Sceloporus undulatus";"Mass";28;0,555;"g"
"34";22;1007;"Sceloporus aneus";"Mass";30;0,207;"g"
"35";23;1007;"Sceloporus undulatus";"Mass";30;0,536;"g"
"36";20;1007;"Sceloporus scalaris";"Mass";30,1;0,2587;"g"
"37";21;1007;"Sceloporus virgatus";"Mass";30,1;0,3963;"g"
"38";24;1007;"Sceloporus occidentalis";"Mass";30,1;0,62;"g"
"39";25;1007;"Urosaurus ornatus";"Mass";30,1;0,2091;"g"
"40";22;1007;"Sceloporus aneus";"Mass";33;0,218;"g"
"41";23;1007;"Sceloporus undulatus";"Mass";33;0,547;"g"
"42";32;1015;"Sceloporus undulatus";"Mass";28;0,499;"g"
"43";32;1015;"Sceloporus undulatus";"Mass";30;0,53;"g"
"44";32;1015;"Sceloporus undulatus";"Mass";32;0,52;"g"
"45";32;1015;"Sceloporus undulatus";"Mass";34;0,54;"g"
"46";35;1016;"Sceloporus undulatus";"Mass";28;0,014;"mg"
"47";35;1016;"Sceloporus undulatus";"Mass";28;0,065;"mg"
"48";35;1016;"Sceloporus undulatus";"Mass";32;0,011;"mg"
"49";35;1016;"Sceloporus undulatus";"Mass";32;0,059;"mg"
"50";35;1016;"Sceloporus undulatus";"Mass";28;0,025;"mg"
"51";35;1016;"Sceloporus undulatus";"Mass";28;0,028;"mg"
"52";35;1016;"Sceloporus undulatus";"Mass";32;0,025;"mg"
"53";35;1016;"Sceloporus undulatus";"Mass";32;0,029;"mg"
"54";41;1020;"Apalone mutica";"Mass";30,5;6,3;"g"
"55";41;1020;"Apalone mutica";"Mass";30,5;6,3;"g"
"56";41;1020;"Apalone mutica";"Mass";30,5;6,3;"g"
"57";41;1020;"Apalone mutica";"Mass";30,5;4,3;"g"
"58";41;1020;"Apalone mutica";"Mass";30,5;4,3;"g"
"59";41;1020;"Apalone mutica";"Mass";30,5;4,4;"g"
"60";50;1023;"Tropidonophis mairii";"Mass";24,9;2,7;"g"
"61";50;1023;"Tropidonophis mairii";"Mass";26,6;2,7;"g"
"62";50;1023;"Tropidonophis mairii";"Mass";30,1;2,5;"g"
"63";73;1029;"Chelydra serpentina";"Mass";24;14,482;"g"
"64";73;1029;"Chelydra serpentina";"Mass";24;13,674;"g"
"65";73;1029;"Chelydra serpentina";"Mass";24;13,375;"g"
"66";73;1029;"Chelydra serpentina";"Mass";24;12,09;"g"
"67";73;1029;"Chelydra serpentina";"Mass";30;12,894;"g"
"68";73;1029;"Chelydra serpentina";"Mass";30;12,887;"g"
"69";73;1029;"Chelydra serpentina";"Mass";30;12,255;"g"
"70";73;1029;"Chelydra serpentina";"Mass";30;11,5;"g"
"71";73;1029;"Chelydra serpentina";"Mass";24;14,108;"g"
"72";73;1029;"Chelydra serpentina";"Mass";24;13,982;"g"
"73";73;1029;"Chelydra serpentina";"Mass";24;13,505;"g"
"74";73;1029;"Chelydra serpentina";"Mass";24;12,118;"g"
"75";73;1029;"Chelydra serpentina";"Mass";30;13,741;"g"
"76";73;1029;"Chelydra serpentina";"Mass";30;14,072;"g"
"77";73;1029;"Chelydra serpentina";"Mass";30;13,133;"g"
"78";73;1029;"Chelydra serpentina";"Mass";30;12,101;"g"
"79";73;1029;"Chelydra serpentina";"Mass";24;14,531;"g"
"80";73;1029;"Chelydra serpentina";"Mass";24;13,891;"g"
"81";73;1029;"Chelydra serpentina";"Mass";24;13,705;"g"
"82";73;1029;"Chelydra serpentina";"Mass";24;12,513;"g"
"83";73;1029;"Chelydra serpentina";"Mass";30;14,182;"g"
"84";73;1029;"Chelydra serpentina";"Mass";30;14,11;"g"
"85";73;1029;"Chelydra serpentina";"Mass";30;13,785;"g"
"86";73;1029;"Chelydra serpentina";"Mass";30;12,767;"g"
"87";77;1030;"Chelydra serpentina";"Mass";24;9,91;"g"
"88";77;1030;"Chelydra serpentina";"Mass";29;9,14;"g"
"89";81;1033;"Pantherophis obsoletus";"Mass";25;9,31;"g"
"90";81;1033;"Pantherophis obsoletus";"Mass";30;9,39;"g"
"91";90;1034;"Paroedura picta";"Mass";23;0,5236;"g"
"92";90;1034;"Paroedura picta";"Mass";26;0,5988;"g"
"93";90;1034;"Paroedura picta";"Mass";30;0,6417;"g"
"94";93;1035;"Chelydra serpentina";"Mass";21,96;9,15;"g"
"95";93;1035;"Chelydra serpentina";"Mass";21,96;10,1;"g"
"96";93;1035;"Chelydra serpentina";"Mass";25,54;9,56;"g"
"97";93;1035;"Chelydra serpentina";"Mass";25,54;10,31;"g"
"98";93;1035;"Chelydra serpentina";"Mass";29,28;10,33;"g"
"99";93;1035;"Chelydra serpentina";"Mass";29,28;9,39;"g"
"100";96;1036;"Chelydra serpentina";"Mass";21,1;7,82;"g"
"101";96;1036;"Chelydra serpentina";"Mass";25,3;7,87;"g"
"102";102;1041;"Chelodina expansa";"Mass";24;13,91;"g"
"103";102;1041;"Chelodina expansa";"Mass";28;13,24;"g"
"104";102;1041;"Chelodina expansa";"Mass";24;7,99;"g"
"105";102;1041;"Chelodina expansa";"Mass";28;7,9;"g"
"106";102;1041;"Chelodina expansa";"Mass";24;13,24;"g"
"107";102;1041;"Chelodina expansa";"Mass";28;13,24;"g"
"108";122;1042;"Emydura macquarii";"Mass";24;4,4;"g"
"109";123;1042;"Chelonia mydas";"Mass";26;26,3;"g"
"110";122;1042;"Emydura macquarii";"Mass";27;4,3;"g"
"111";123;1042;"Chelonia mydas";"Mass";28;25,6;"g"
"112";123;1042;"Chelonia mydas";"Mass";28;25,6;"g"
"113";122;1042;"Emydura macquarii";"Mass";30;4,1;"g"
"114";123;1042;"Chelonia mydas";"Mass";30;25,4;"g"
"115";122;1042;"Emydura macquarii";"Mass";24;31,3;"g"
"116";122;1042;"Emydura macquarii";"Mass";27;34,1;"g"
"117";122;1042;"Emydura macquarii";"Mass";30;49,5;"g"
"118";133;1043;"Lampropholis guichenoti";"Mass";25;0,1574;"mg"
"119";134;1043;"Bassiana duperreyi";"Mass";25;0,2736;"mg"
"120";133;1043;"Lampropholis guichenoti";"Mass";30;0,1583;"mg"
"121";134;1043;"Bassiana duperreyi";"Mass";30;0,2815;"mg"
"122";133;1043;"Lampropholis guichenoti";"Mass";25;0,1566;"mg"
"123";134;1043;"Bassiana duperreyi";"Mass";25;0,3501;"mg"
"124";133;1043;"Lampropholis guichenoti";"Mass";30;0,1599;"mg"
"125";134;1043;"Bassiana duperreyi";"Mass";30;0,3622;"mg"
"126";154;1047;"Podarcis muralis";"Mass";26;0,365;"g"
"127";154;1047;"Podarcis muralis";"Mass";26;0,386;"g"
"128";154;1047;"Podarcis muralis";"Mass";26;0,525;"g"
"129";154;1047;"Podarcis muralis";"Mass";26;0,58;"g"
"130";154;1047;"Podarcis muralis";"Mass";29;0,369;"g"
"131";154;1047;"Podarcis muralis";"Mass";29;0,366;"g"
"132";154;1047;"Podarcis muralis";"Mass";29;0,572;"g"
"133";154;1047;"Podarcis muralis";"Mass";29;0,586;"g"
"134";154;1047;"Podarcis muralis";"Mass";29;0,354;"g"
"135";154;1047;"Podarcis muralis";"Mass";29;0,377;"g"
"136";154;1047;"Podarcis muralis";"Mass";32;0,33;"g"
"137";154;1047;"Podarcis muralis";"Mass";32;0,345;"g"
"138";154;1047;"Podarcis muralis";"Mass";32;0,504;"g"
"139";154;1047;"Podarcis muralis";"Mass";32;0,558;"g"
"140";154;1047;"Podarcis muralis";"Mass";32;0,33;"g"
"141";154;1047;"Podarcis muralis";"Mass";32;0,349;"g"
"142";159;1049;"Chelydra serpentina";"Mass";22;12,2;"g"
"143";159;1049;"Chelydra serpentina";"Mass";22;12;"g"
"144";159;1049;"Chelydra serpentina";"Mass";25,6;12,1;"g"
"145";159;1049;"Chelydra serpentina";"Mass";25,6;11,7;"g"
"146";159;1049;"Chelydra serpentina";"Mass";28,6;12;"g"
"147";159;1049;"Chelydra serpentina";"Mass";28,6;12;"g"
"148";159;1049;"Chelydra serpentina";"Mass";22;9,4;"g"
"149";159;1049;"Chelydra serpentina";"Mass";22;8,8;"g"
"150";159;1049;"Chelydra serpentina";"Mass";25,6;9,3;"g"
"151";159;1049;"Chelydra serpentina";"Mass";25,6;8,7;"g"
"152";159;1049;"Chelydra serpentina";"Mass";28,6;9,2;"g"
"153";159;1049;"Chelydra serpentina";"Mass";28,6;8,1;"g"
"154";159;1049;"Chelydra serpentina";"Mass";22;27;"g"
"155";159;1049;"Chelydra serpentina";"Mass";22;26,5;"g"
"156";159;1049;"Chelydra serpentina";"Mass";25,6;31,1;"g"
"157";159;1049;"Chelydra serpentina";"Mass";25,6;30,1;"g"
"158";159;1049;"Chelydra serpentina";"Mass";28,6;25,4;"g"
"159";159;1049;"Chelydra serpentina";"Mass";28,6;24,6;"g"
"160";162;1051;"Tropidonophis mairii";"Mass";25,4;2,33;"g"
"161";162;1051;"Tropidonophis mairii";"Mass";25,4;2,48;"g"
"162";162;1051;"Tropidonophis mairii";"Mass";27,9;1,94;"g"
"163";162;1051;"Tropidonophis mairii";"Mass";27,9;2,38;"g"
"164";175;1053;"Sceloporus occidentalis";"Mass";24;0,71;"g"
"165";175;1053;"Sceloporus occidentalis";"Mass";24;0,71;"g"
"166";175;1053;"Sceloporus occidentalis";"Mass";24;0,86;"g"
"167";175;1053;"Sceloporus occidentalis";"Mass";24;1,02;"g"
"168";175;1053;"Sceloporus occidentalis";"Mass";30;0,68;"g"
"169";175;1053;"Sceloporus occidentalis";"Mass";30;0,64;"g"
"170";175;1053;"Sceloporus occidentalis";"Mass";30;0,82;"g"
"171";175;1053;"Sceloporus occidentalis";"Mass";30;0,95;"g"
"172";184;1054;"Sceloporus occidentalis";"Mass";24;0,75;"g"
"173";184;1054;"Sceloporus occidentalis";"Mass";24;0,75;"g"
"174";184;1054;"Sceloporus occidentalis";"Mass";30;0,67;"g"
"175";184;1054;"Sceloporus occidentalis";"Mass";30;0,67;"g"
"176";198;1060;"Coluber constrictor";"Mass";22;3,9;"g"
"177";198;1060;"Coluber constrictor";"Mass";28;6;"g"
"178";198;1060;"Coluber constrictor";"Mass";28;4,4;"g"
"179";198;1060;"Coluber constrictor";"Mass";32;5,6;"g"
"180";285;1067;"Pituophis melanoleucus";"Mass";21;30,6;"g"
"181";285;1067;"Pituophis melanoleucus";"Mass";23;32,3;"g"
"182";285;1067;"Pituophis melanoleucus";"Mass";26;32,1;"g"
"183";285;1067;"Pituophis melanoleucus";"Mass";28;33,5;"g"
"184";285;1067;"Pituophis melanoleucus";"Mass";30;32,6;"g"
"185";285;1067;"Pituophis melanoleucus";"Mass";32;32,3;"g"
"186";294;1077;"Mauremys mutica";"Mass";26;6,282;"g"
"187";294;1077;"Mauremys mutica";"Mass";26;5,335;"g"
"188";294;1077;"Mauremys mutica";"Mass";30;6,238;"g"
"189";294;1077;"Mauremys mutica";"Mass";30;5,566;"g"
"190";296;1078;"Takydromus stejnegeri";"Mass";15;0,207;"g"
"191";296;1078;"Takydromus stejnegeri";"Mass";20;0,214;"g"
"192";296;1078;"Takydromus stejnegeri";"Mass";25;0,196;"g"
"193";296;1078;"Takydromus stejnegeri";"Mass";30;0,215;"g"
"194";296;1078;"Takydromus stejnegeri";"Mass";33;0,229;"g"
"195";296;1078;"Takydromus stejnegeri";"Mass";20;0,277;"g"
"196";296;1078;"Takydromus stejnegeri";"Mass";25;0,281;"g"
"197";296;1078;"Takydromus stejnegeri";"Mass";30;0,271;"g"
"198";296;1078;"Takydromus stejnegeri";"Mass";33;0,259;"g"
"199";305;1083;"Uta stansburiana";"Mass";29;0,31;"g"
"200";305;1083;"Uta stansburiana";"Mass";29;0,31;"g"
"201";305;1083;"Uta stansburiana";"Mass";29;0,3;"g"
"202";305;1083;"Uta stansburiana";"Mass";29;0,32;"g"
"203";305;1083;"Uta stansburiana";"Mass";29;0,31;"g"
"204";305;1083;"Uta stansburiana";"Mass";29;0,031;"g"
"205";305;1083;"Uta stansburiana";"Mass";29;0,29;"g"
"206";305;1083;"Uta stansburiana";"Mass";29;0,33;"g"
"207";305;1083;"Uta stansburiana";"Mass";29;0,32;"g"
"208";305;1083;"Uta stansburiana";"Mass";29;0,32;"g"
"209";305;1083;"Uta stansburiana";"Mass";29;0,48;"g"
"210";305;1083;"Uta stansburiana";"Mass";29;0,43;"g"
"211";305;1083;"Uta stansburiana";"Mass";29;0,41;"g"
"212";305;1083;"Uta stansburiana";"Mass";29;0,46;"g"
"213";305;1083;"Uta stansburiana";"Mass";29;0,43;"g"
"214";305;1083;"Uta stansburiana";"Mass";29;0,37;"g"
"215";305;1083;"Uta stansburiana";"Mass";29;0,41;"g"
"216";305;1083;"Uta stansburiana";"Mass";29;0,45;"g"
"217";305;1083;"Uta stansburiana";"Mass";29;0,41;"g"
"218";305;1083;"Uta stansburiana";"Mass";29;0,4;"g"
"219";331;1115;"Chamaeleo chamaeleon";"Mass";25;1,33;"g"
"220";331;1115;"Chamaeleo chamaeleon";"Mass";25;1,32;"g"
"221";331;1115;"Chamaeleo chamaeleon";"Mass";29;1,22;"g"
"222";331;1115;"Chamaeleo chamaeleon";"Mass";29;1,05;"g"
"223";332;1119;"Gekko japonicus";"Mass";24;0,73;"g"
"224";332;1119;"Gekko japonicus";"Mass";24;0,66;"g"
"225";332;1119;"Gekko japonicus";"Mass";28;0,69;"g"
"226";332;1119;"Gekko japonicus";"Mass";28;0,63;"g"
"227";332;1119;"Gekko japonicus";"Mass";32;0,68;"g"
"228";332;1119;"Gekko japonicus";"Mass";32;0,63;"g"
"229";332;1119;"Gekko japonicus";"Mass";24;0,48;"g"
"230";332;1119;"Gekko japonicus";"Mass";24;0,42;"g"
"231";332;1119;"Gekko japonicus";"Mass";28;0,46;"g"
"232";332;1119;"Gekko japonicus";"Mass";28;0,41;"g"
"233";332;1119;"Gekko japonicus";"Mass";32;0,46;"g"
"234";332;1119;"Gekko japonicus";"Mass";32;0,43;"g"
"235";339;1120;"Pelodiscus sinensis";"Mass";23;3,07;"g"
"236";339;1120;"Pelodiscus sinensis";"Mass";24;3,21;"g"
"237";339;1120;"Pelodiscus sinensis";"Mass";26;12,92;"g"
"238";339;1120;"Pelodiscus sinensis";"Mass";26,5;3,26;"g"
"239";339;1120;"Pelodiscus sinensis";"Mass";27;3,29;"g"
"240";339;1120;"Pelodiscus sinensis";"Mass";28;3,25;"g"
"241";339;1120;"Pelodiscus sinensis";"Mass";30;3,26;"g"
"242";339;1120;"Pelodiscus sinensis";"Mass";30;9,65;"g"
"243";339;1120;"Pelodiscus sinensis";"Mass";32;3,26;"g"
"244";339;1120;"Pelodiscus sinensis";"Mass";32;9,94;"g"
"245";339;1120;"Pelodiscus sinensis";"Mass";33;3,19;"g"
"246";339;1120;"Pelodiscus sinensis";"Mass";34;3,21;"g"
"247";339;1120;"Pelodiscus sinensis";"Mass";34;7,61;"g"
"248";351;1126;"Lampropholis delicata";"Mass";20;0,15;"g"
"249";352;1126;"Saproscincus mustelinus";"Mass";20;0,15;"g"
"250";353;1126;"Anepischetosia maccoyi";"Mass";20;0,17;"g"
"251";351;1126;"Lampropholis delicata";"Mass";20;0,205;"g"
"252";352;1126;"Saproscincus mustelinus";"Mass";20;0,2361;"g"
"253";353;1126;"Anepischetosia maccoyi";"Mass";20;0,2037;"g"
"254";351;1126;"Lampropholis delicata";"Mass";20;0,3197;"g"
"255";352;1126;"Saproscincus mustelinus";"Mass";20;0,3144;"g"
"256";353;1126;"Anepischetosia maccoyi";"Mass";20;0,2781;"g"
"257";351;1126;"Lampropholis delicata";"Mass";27;0,14;"g"
"258";352;1126;"Saproscincus mustelinus";"Mass";27;0,14;"g"
"259";353;1126;"Anepischetosia maccoyi";"Mass";27;0,16;"g"
"260";351;1126;"Lampropholis delicata";"Mass";27;0,211;"g"
"261";352;1126;"Saproscincus mustelinus";"Mass";27;0,2363;"g"
"262";353;1126;"Anepischetosia maccoyi";"Mass";27;0,1732;"g"
"263";351;1126;"Lampropholis delicata";"Mass";27;0,3065;"g"
"264";352;1126;"Saproscincus mustelinus";"Mass";27;0,3165;"g"
"265";353;1126;"Anepischetosia maccoyi";"Mass";27;0,2784;"g"
"266";412;1127;"Takydromus septentrionalis";"Mass";24;25,2457;"g"
"267";412;1127;"Takydromus septentrionalis";"Mass";24;25,6516;"g"
"268";412;1127;"Takydromus septentrionalis";"Mass";27;25,2382;"g"
"269";412;1127;"Takydromus septentrionalis";"Mass";27;24,9784;"g"
"270";412;1127;"Takydromus septentrionalis";"Mass";30;23,5229;"g"
"271";412;1127;"Takydromus septentrionalis";"Mass";30;23,737;"g"
"272";412;1127;"Takydromus septentrionalis";"Mass";33;22,9828;"g"
"273";412;1127;"Takydromus septentrionalis";"Mass";33;23,3075;"g"
"274";440;1132;"Takydromus septentrionalis";"Mass";24;0,37;"g"
"275";440;1132;"Takydromus septentrionalis";"Mass";24;0,35;"g"
"276";440;1132;"Takydromus septentrionalis";"Mass";24;0,345;"g"
"277";440;1132;"Takydromus septentrionalis";"Mass";28;0,34;"g"
"278";440;1132;"Takydromus septentrionalis";"Mass";28;0,377;"g"
"279";440;1132;"Takydromus septentrionalis";"Mass";28;0,373;"g"
"280";444;1133;"Takydromus septentrionalis";"Mass";24;0,34;"g"
"281";444;1133;"Takydromus septentrionalis";"Mass";24;0,39;"g"
"282";444;1133;"Takydromus septentrionalis";"Mass";24;0,343;"g"
"283";444;1133;"Takydromus septentrionalis";"Mass";24;0,303;"g"
"284";444;1133;"Takydromus septentrionalis";"Mass";24;0,306;"g"
"285";444;1133;"Takydromus septentrionalis";"Mass";27;0,35;"g"
"286";444;1133;"Takydromus septentrionalis";"Mass";27;0,406;"g"
"287";444;1133;"Takydromus septentrionalis";"Mass";27;0,336;"g"
"288";444;1133;"Takydromus septentrionalis";"Mass";27;0,334;"g"
"289";444;1133;"Takydromus septentrionalis";"Mass";27;0,331;"g"
"290";449;1134;"Chinemys reevesii";"Mass";28;5,476;"g"
"291";449;1134;"Chinemys reevesii";"Mass";28;5,085;"g"
"292";449;1134;"Chinemys reevesii";"Mass";28;5,389;"g"
"293";449;1134;"Chinemys reevesii";"Mass";28;5,49;"g"
"294";449;1134;"Chinemys reevesii";"Mass";28;31,89;"g"
"295";449;1134;"Chinemys reevesii";"Mass";28;32,67;"g"
"296";449;1134;"Chinemys reevesii";"Mass";28;32,21;"g"
"297";449;1134;"Chinemys reevesii";"Mass";28;28;"g"
"298";449;1134;"Chinemys reevesii";"Mass";28;70,24;"g"
"299";449;1134;"Chinemys reevesii";"Mass";28;73,48;"g"
"300";449;1134;"Chinemys reevesii";"Mass";28;60,32;"g"
"301";449;1134;"Chinemys reevesii";"Mass";28;60,9;"g"
"302";449;1134;"Chinemys reevesii";"Mass";28;152,73;"g"
"303";449;1134;"Chinemys reevesii";"Mass";28;150,87;"g"
"304";449;1134;"Chinemys reevesii";"Mass";28;100,63;"g"
"305";449;1134;"Chinemys reevesii";"Mass";28;96,63;"g"
"306";449;1134;"Chinemys reevesii";"Mass";28;239,65;"g"
"307";449;1134;"Chinemys reevesii";"Mass";28;244,84;"g"
"308";449;1134;"Chinemys reevesii";"Mass";28;110,06;"g"
"309";449;1134;"Chinemys reevesii";"Mass";28;97,94;"g"
"310";449;1134;"Chinemys reevesii";"Mass";28;273,94;"g"
"311";449;1134;"Chinemys reevesii";"Mass";28;296,09;"g"
"312";449;1134;"Chinemys reevesii";"Mass";28;121,73;"g"
"313";449;1134;"Chinemys reevesii";"Mass";28;110,25;"g"
"314";449;1134;"Chinemys reevesii";"Mass";28;5,303;"g"
"315";449;1134;"Chinemys reevesii";"Mass";28;5,62;"g"
"316";449;1134;"Chinemys reevesii";"Mass";28;37,32;"g"
"317";449;1134;"Chinemys reevesii";"Mass";28;40,13;"g"
"318";449;1134;"Chinemys reevesii";"Mass";28;81,45;"g"
"319";449;1134;"Chinemys reevesii";"Mass";28;61,87;"g"
"320";449;1134;"Chinemys reevesii";"Mass";28;164,91;"g"
"321";449;1134;"Chinemys reevesii";"Mass";28;105,43;"g"
"322";449;1134;"Chinemys reevesii";"Mass";28;260,21;"g"
"323";449;1134;"Chinemys reevesii";"Mass";28;117,3;"g"
"324";449;1134;"Chinemys reevesii";"Mass";28;295,59;"g"
"325";449;1134;"Chinemys reevesii";"Mass";28;126;"g"
"326";455;1141;"Agama impalearis";"Mass";26;1,22;"g"
"327";455;1141;"Agama impalearis";"Mass";28;1,42;"g"
"328";455;1141;"Agama impalearis";"Mass";30;1,55;"g"
"329";455;1141;"Agama impalearis";"Mass";32;1,32;"g"
"330";455;1141;"Agama impalearis";"Mass";34;1,3;"g"
"331";455;1141;"Agama impalearis";"Mass";36;1,12;"g"
"332";462;1143;"Bassiana duperreyi";"Mass";24;0,28;"g"
"333";462;1143;"Bassiana duperreyi";"Mass";24;0,28;"g"
"334";462;1143;"Bassiana duperreyi";"Mass";24;0,31;"g"
"335";462;1143;"Bassiana duperreyi";"Mass";24;0,37;"g"
"336";462;1143;"Bassiana duperreyi";"Mass";24;0,43;"g"
"337";462;1143;"Bassiana duperreyi";"Mass";24;0,64;"g"
"338";462;1143;"Bassiana duperreyi";"Mass";24;0,8;"g"
"339";462;1143;"Bassiana duperreyi";"Mass";24;0,88;"g"
"340";462;1143;"Bassiana duperreyi";"Mass";27;0,27;"g"
"341";462;1143;"Bassiana duperreyi";"Mass";27;0,26;"g"
"342";462;1143;"Bassiana duperreyi";"Mass";27;0,26;"g"
"343";462;1143;"Bassiana duperreyi";"Mass";27;0,28;"g"
"344";462;1143;"Bassiana duperreyi";"Mass";27;0,42;"g"
"345";462;1143;"Bassiana duperreyi";"Mass";27;0,68;"g"
"346";462;1143;"Bassiana duperreyi";"Mass";27;0,81;"g"
"347";462;1143;"Bassiana duperreyi";"Mass";27;0,81;"g"
"348";466;1144;"Bassiana duperreyi";"Mass";20;0,28;"g"
"349";466;1144;"Bassiana duperreyi";"Mass";20;0,32;"g"
"350";466;1144;"Bassiana duperreyi";"Mass";27;0,34;"g"
"351";466;1144;"Bassiana duperreyi";"Mass";27;0,31;"g"
"352";483;1154;"Bassiana duperreyi";"Mass";18;0,28;"g"
"353";483;1154;"Bassiana duperreyi";"Mass";18;0,27;"g"
"354";483;1154;"Bassiana duperreyi";"Mass";22;0,27;"g"
"355";483;1154;"Bassiana duperreyi";"Mass";22;0,27;"g"
"356";483;1154;"Bassiana duperreyi";"Mass";18;0,27;"g"
"357";483;1154;"Bassiana duperreyi";"Mass";18;0,27;"g"
"358";483;1154;"Bassiana duperreyi";"Mass";22;0,27;"g"
"359";483;1154;"Bassiana duperreyi";"Mass";22;0,26;"g"
"360";493;1158;"Chelodina rugosa";"Mass";26;7,37;"g"
"361";493;1158;"Chelodina rugosa";"Mass";28;7,11;"g"
"362";493;1158;"Chelodina rugosa";"Mass";29;7,24;"g"
"363";493;1158;"Chelodina rugosa";"Mass";30;6,66;"g"
"364";493;1158;"Chelodina rugosa";"Mass";32;6,07;"g"
"365";512;1185;"Carlia longipes";"Mass";23,5;0,5;"g"
"366";512;1185;"Carlia longipes";"Mass";28,5;0,4;"g"
"367";525;1186;"Anolis carolinensis";"Mass";27;0,88;"g"
"368";525;1186;"Anolis carolinensis";"Mass";27;0,99;"g"
"369";525;1186;"Anolis carolinensis";"Mass";27;1,37;"g"
"370";525;1186;"Anolis carolinensis";"Mass";27;0,77;"g"
"371";525;1186;"Anolis carolinensis";"Mass";27;0,9;"g"
"372";525;1186;"Anolis carolinensis";"Mass";27;1,27;"g"
"373";525;1186;"Anolis carolinensis";"Mass";27;0,66;"g"
"374";525;1186;"Anolis carolinensis";"Mass";27;0,8;"g"
"375";525;1186;"Anolis carolinensis";"Mass";27;1,15;"g"
"376";525;1186;"Anolis carolinensis";"Mass";27;0,58;"g"
"377";525;1186;"Anolis carolinensis";"Mass";27;0,71;"g"
"378";525;1186;"Anolis carolinensis";"Mass";27;1,02;"g"
"379";525;1186;"Anolis carolinensis";"Mass";27;0,48;"g"
"380";525;1186;"Anolis carolinensis";"Mass";27;0,61;"g"
"381";525;1186;"Anolis carolinensis";"Mass";27;0,87;"g"
"382";525;1186;"Anolis carolinensis";"Mass";27;0,39;"g"
"383";525;1186;"Anolis carolinensis";"Mass";27;0,51;"g"
"384";525;1186;"Anolis carolinensis";"Mass";27;0,74;"g"
"385";525;1186;"Anolis carolinensis";"Mass";27;0,31;"g"
"386";525;1186;"Anolis carolinensis";"Mass";27;0,4;"g"
"387";525;1186;"Anolis carolinensis";"Mass";27;0,59;"g"
"388";525;1186;"Anolis carolinensis";"Mass";27;0,24;"g"
"389";525;1186;"Anolis carolinensis";"Mass";27;0,31;"g"
"390";525;1186;"Anolis carolinensis";"Mass";27;0,46;"g"
"391";525;1186;"Anolis carolinensis";"Mass";27;0,19;"g"
"392";525;1186;"Anolis carolinensis";"Mass";27;0,25;"g"
"393";525;1186;"Anolis carolinensis";"Mass";27;0,33;"g"
"394";525;1186;"Anolis carolinensis";"Mass";30;0,74;"g"
"395";525;1186;"Anolis carolinensis";"Mass";30;0,9;"g"
"396";525;1186;"Anolis carolinensis";"Mass";30;1,24;"g"
"397";525;1186;"Anolis carolinensis";"Mass";30;0,64;"g"
"398";525;1186;"Anolis carolinensis";"Mass";30;0,83;"g"
"399";525;1186;"Anolis carolinensis";"Mass";30;1,18;"g"
"400";525;1186;"Anolis carolinensis";"Mass";30;0,57;"g"
"401";525;1186;"Anolis carolinensis";"Mass";30;0,72;"g"
"402";525;1186;"Anolis carolinensis";"Mass";30;1,07;"g"
"403";525;1186;"Anolis carolinensis";"Mass";30;0,5;"g"
"404";525;1186;"Anolis carolinensis";"Mass";30;0,62;"g"
"405";525;1186;"Anolis carolinensis";"Mass";30;0,93;"g"
"406";525;1186;"Anolis carolinensis";"Mass";30;0,42;"g"
"407";525;1186;"Anolis carolinensis";"Mass";30;0,55;"g"
"408";525;1186;"Anolis carolinensis";"Mass";30;0,81;"g"
"409";525;1186;"Anolis carolinensis";"Mass";30;0,33;"g"
"410";525;1186;"Anolis carolinensis";"Mass";30;0,44;"g"
"411";525;1186;"Anolis carolinensis";"Mass";30;0,68;"g"
"412";525;1186;"Anolis carolinensis";"Mass";30;0,26;"g"
"413";525;1186;"Anolis carolinensis";"Mass";30;0,37;"g"
"414";525;1186;"Anolis carolinensis";"Mass";30;0,57;"g"
"415";525;1186;"Anolis carolinensis";"Mass";30;0,21;"g"
"416";525;1186;"Anolis carolinensis";"Mass";30;0,29;"g"
"417";525;1186;"Anolis carolinensis";"Mass";30;0,43;"g"
"418";525;1186;"Anolis carolinensis";"Mass";30;0,18;"g"
"419";525;1186;"Anolis carolinensis";"Mass";30;0,24;"g"
"420";525;1186;"Anolis carolinensis";"Mass";30;0,33;"g"
"421";530;1188;"Anolis carolinensis";"Mass";23;0,31;"g"
"422";530;1188;"Anolis carolinensis";"Mass";23;0,83;"g"
"423";530;1188;"Anolis carolinensis";"Mass";27;0,32;"g"
"424";530;1188;"Anolis carolinensis";"Mass";27;0,78;"g"
"425";530;1188;"Anolis carolinensis";"Mass";30;0,29;"g"
"426";530;1188;"Anolis carolinensis";"Mass";30;0,62;"g"
"427";538;1191;"Mauremys mutica";"Mass";25;20,99;"g"
"428";538;1191;"Mauremys mutica";"Mass";25;19,1;"g"
"429";538;1191;"Mauremys mutica";"Mass";25;17,76;"g"
"430";538;1191;"Mauremys mutica";"Mass";29;20,43;"g"
"431";538;1191;"Mauremys mutica";"Mass";29;18,22;"g"
"432";538;1191;"Mauremys mutica";"Mass";29;17,04;"g"
"433";538;1191;"Mauremys mutica";"Mass";33;20,75;"g"
"434";538;1191;"Mauremys mutica";"Mass";33;20,04;"g"
"435";538;1191;"Mauremys mutica";"Mass";33;19,04;"g"
"436";538;1191;"Mauremys mutica";"Mass";25;17,61;"g"
"437";538;1191;"Mauremys mutica";"Mass";25;17,55;"g"
"438";538;1191;"Mauremys mutica";"Mass";25;17,48;"g"
"439";538;1191;"Mauremys mutica";"Mass";29;17,36;"g"
"440";538;1191;"Mauremys mutica";"Mass";29;17,38;"g"
"441";538;1191;"Mauremys mutica";"Mass";29;17,4;"g"
"442";538;1191;"Mauremys mutica";"Mass";33;18,28;"g"
"443";538;1191;"Mauremys mutica";"Mass";33;18,31;"g"
"444";538;1191;"Mauremys mutica";"Mass";33;18,27;"g"
"445";538;1191;"Mauremys mutica";"Mass";25;11,84;"g"
"446";538;1191;"Mauremys mutica";"Mass";25;11,74;"g"
"447";538;1191;"Mauremys mutica";"Mass";25;11,38;"g"
"448";538;1191;"Mauremys mutica";"Mass";29;10,36;"g"
"449";538;1191;"Mauremys mutica";"Mass";29;10,17;"g"
"450";538;1191;"Mauremys mutica";"Mass";29;10,67;"g"
"451";538;1191;"Mauremys mutica";"Mass";33;10,79;"g"
"452";538;1191;"Mauremys mutica";"Mass";33;9,86;"g"
"453";538;1191;"Mauremys mutica";"Mass";33;10,59;"g"
"454";550;1194;"Oligosoma suteri";"Mass";18;0,74;"g"
"455";550;1194;"Oligosoma suteri";"Mass";18;0,73;"g"
"456";550;1194;"Oligosoma suteri";"Mass";18;1,28;"g"
"457";550;1194;"Oligosoma suteri";"Mass";18;0,8;"g"
"458";550;1194;"Oligosoma suteri";"Mass";22;0,77;"g"
"459";550;1194;"Oligosoma suteri";"Mass";22;0,76;"g"
"460";550;1194;"Oligosoma suteri";"Mass";22;2,42;"g"
"461";550;1194;"Oligosoma suteri";"Mass";22;1,6;"g"
"462";550;1194;"Oligosoma suteri";"Mass";26;0,75;"g"
"463";550;1194;"Oligosoma suteri";"Mass";26;0,74;"g"
"464";550;1194;"Oligosoma suteri";"Mass";26;2,31;"g"
"465";550;1194;"Oligosoma suteri";"Mass";26;1,87;"g"
"466";561;1197;"Ctenophorus decresii";"Mass";25;1,12;"g"
"467";561;1197;"Ctenophorus decresii";"Mass";26;1,18;"g"
"468";561;1197;"Ctenophorus decresii";"Mass";27,5;1,17;"g"
"469";561;1197;"Ctenophorus decresii";"Mass";29;1,03;"g"
"470";561;1197;"Ctenophorus decresii";"Mass";30;1,12;"g"
"471";561;1197;"Ctenophorus decresii";"Mass";32;1,16;"g"
"472";567;1198;"Chlamydosaurus kingii";"Mass";26;3,87;"g"
"473";567;1198;"Chlamydosaurus kingii";"Mass";29;4,56;"g"
"474";567;1198;"Chlamydosaurus kingii";"Mass";29;4,29;"g"
"475";567;1198;"Chlamydosaurus kingii";"Mass";32;3,22;"g"
"476";567;1198;"Chlamydosaurus kingii";"Mass";32;3,15;"g"
"477";567;1198;"Chlamydosaurus kingii";"Mass";33;4,81;"g"
"478";585;1224;"Apalone mutica";"Mass";26;4,27;"g"
"479";585;1224;"Apalone mutica";"Mass";26;4,47;"g"
"480";585;1224;"Apalone mutica";"Mass";28;4,55;"g"
"481";585;1224;"Apalone mutica";"Mass";28;4,68;"g"
"482";585;1224;"Apalone mutica";"Mass";30;4,6;"g"
"483";585;1224;"Apalone mutica";"Mass";30;4,68;"g"
"484";585;1224;"Apalone mutica";"Mass";26;6,39;"g"
"485";585;1224;"Apalone mutica";"Mass";26;6,65;"g"
"486";585;1224;"Apalone mutica";"Mass";28;6,44;"g"
"487";585;1224;"Apalone mutica";"Mass";28;6,65;"g"
"488";585;1224;"Apalone mutica";"Mass";30;6,42;"g"
"489";585;1224;"Apalone mutica";"Mass";30;6,58;"g"
"490";595;1227;"Chelydra serpentina";"Mass";26;8,31;"g"
"491";595;1227;"Chelydra serpentina";"Mass";28;8,22;"g"
"492";595;1227;"Chelydra serpentina";"Mass";30;8,32;"g"
"493";600;1228;"Chrysemys picta";"Mass";26;4,45;"g"
"494";600;1228;"Chrysemys picta";"Mass";26;11,07;"g"
"495";600;1228;"Chrysemys picta";"Mass";30;4,47;"g"
"496";600;1228;"Chrysemys picta";"Mass";30;14,73;"g"
"497";610;1229;"Podarcis muralis";"Mass";26;0,3711;"mg"
"498";610;1229;"Podarcis muralis";"Mass";29;0,3661;"mg"
"499";610;1229;"Podarcis muralis";"Mass";26;0,3719;"mg"
"500";610;1229;"Podarcis muralis";"Mass";29;0,3582;"mg"
"501";610;1229;"Podarcis muralis";"Mass";32;0,3488;"mg"
"502";610;1229;"Podarcis muralis";"Mass";32;0,3501;"mg"
"503";610;1229;"Podarcis muralis";"Mass";32;0,3467;"mg"
"504";610;1229;"Podarcis muralis";"Mass";26;0,3789;"mg"
"505";610;1229;"Podarcis muralis";"Mass";29;0,3646;"mg"
"506";610;1229;"Podarcis muralis";"Mass";29;0,3722;"mg"
"507";610;1229;"Podarcis muralis";"Mass";29;0,3566;"mg"
"508";610;1229;"Podarcis muralis";"Mass";32;0,3462;"mg"
"509";610;1229;"Podarcis muralis";"Mass";32;0,3515;"mg"
"510";610;1229;"Podarcis muralis";"Mass";32;0,3399;"mg"
"511";620;1230;"Pelodiscus sinensis";"Mass";24;6,05;"g"
"512";620;1230;"Pelodiscus sinensis";"Mass";28;5,95;"g"
"513";620;1230;"Pelodiscus sinensis";"Mass";30;5,64;"g"
"514";620;1230;"Pelodiscus sinensis";"Mass";34;6,18;"g"
"515";620;1230;"Pelodiscus sinensis";"Mass";24;4,28;"g"
"516";620;1230;"Pelodiscus sinensis";"Mass";28;4,31;"g"
"517";620;1230;"Pelodiscus sinensis";"Mass";30;4,16;"g"
"518";620;1230;"Pelodiscus sinensis";"Mass";34;4,32;"g"
"519";623;1231;"Naja atra";"Mass";24;11,4;"g"
"520";623;1231;"Naja atra";"Mass";24;11,1;"g"
"521";623;1231;"Naja atra";"Mass";26;12,2;"g"
"522";623;1231;"Naja atra";"Mass";26;12,5;"g"
"523";623;1231;"Naja atra";"Mass";30;12,6;"g"
"524";623;1231;"Naja atra";"Mass";30;12,7;"g"
"525";623;1231;"Naja atra";"Mass";32;11,6;"g"
"526";623;1231;"Naja atra";"Mass";32;11,4;"g"
"527";623;1231;"Naja atra";"Mass";24;15,4;"g"
"528";623;1231;"Naja atra";"Mass";24;15,7;"g"
"529";623;1231;"Naja atra";"Mass";26;16;"g"
"530";623;1231;"Naja atra";"Mass";26;16;"g"
"531";623;1231;"Naja atra";"Mass";30;16;"g"
"532";623;1231;"Naja atra";"Mass";30;16,3;"g"
"533";623;1231;"Naja atra";"Mass";32;15,1;"g"
"534";623;1231;"Naja atra";"Mass";32;15,3;"g"
"535";633;1232;"Elaphe carinata";"Mass";24;3,29;"g"
"536";633;1232;"Elaphe carinata";"Mass";24;3,03;"g"
"537";633;1232;"Elaphe carinata";"Mass";26;3,29;"g"
"538";633;1232;"Elaphe carinata";"Mass";26;3,25;"g"
"539";633;1232;"Elaphe carinata";"Mass";30;2,9;"g"
"540";633;1232;"Elaphe carinata";"Mass";30;3,18;"g"
"541";633;1232;"Elaphe carinata";"Mass";32;2,74;"g"
"542";633;1232;"Elaphe carinata";"Mass";32;2,69;"g"
"543";633;1232;"Elaphe carinata";"Mass";24;20,9;"g"
"544";633;1232;"Elaphe carinata";"Mass";24;21,3;"g"
"545";633;1232;"Elaphe carinata";"Mass";26;20,9;"g"
"546";633;1232;"Elaphe carinata";"Mass";26;21,1;"g"
"547";633;1232;"Elaphe carinata";"Mass";30;19,4;"g"
"548";633;1232;"Elaphe carinata";"Mass";30;21,3;"g"
"549";633;1232;"Elaphe carinata";"Mass";32;19,8;"g"
"550";633;1232;"Elaphe carinata";"Mass";32;20,5;"g"
"551";644;1235;"Calotes versicolor";"Mass";24;0,5836;"mg"
"552";644;1235;"Calotes versicolor";"Mass";24;0,5698;"mg"
"553";644;1235;"Calotes versicolor";"Mass";27;0,5512;"mg"
"554";644;1235;"Calotes versicolor";"Mass";27;0,5566;"mg"
"555";644;1235;"Calotes versicolor";"Mass";30;0,5604;"mg"
"556";644;1235;"Calotes versicolor";"Mass";30;0,536;"mg"
"557";644;1235;"Calotes versicolor";"Mass";33;0,663;"mg"
"558";644;1235;"Calotes versicolor";"Mass";33;0,5977;"mg"
"559";666;1236;"Bungarus multicinctus";"Mass";24;6,6;"g"
"560";666;1236;"Bungarus multicinctus";"Mass";27;6,5;"g"
"561";666;1236;"Bungarus multicinctus";"Mass";30;6,6;"g"
"562";666;1236;"Bungarus multicinctus";"Mass";24;8,3;"g"
"563";666;1236;"Bungarus multicinctus";"Mass";27;8,4;"g"
"564";666;1236;"Bungarus multicinctus";"Mass";30;8,2;"g"
"565";674;1237;"Plestiodon chinensis";"Mass";24;0,63;"g"
"566";674;1237;"Plestiodon chinensis";"Mass";24;0,68;"g"
"567";674;1237;"Plestiodon chinensis";"Mass";32;0,62;"g"
"568";674;1237;"Plestiodon chinensis";"Mass";32;0,65;"g"
"569";674;1237;"Plestiodon chinensis";"Mass";24;0,63;"g"
"570";674;1237;"Plestiodon chinensis";"Mass";24;0,68;"g"
"571";674;1237;"Plestiodon chinensis";"Mass";32;0,63;"g"
"572";674;1237;"Plestiodon chinensis";"Mass";32;0,67;"g"
"573";680;1239;"Alligator mississippiensis";"Mass";29,4;46,3;"g"
"574";680;1239;"Alligator mississippiensis";"Mass";29,4;2369,6;"g"
"575";680;1239;"Alligator mississippiensis";"Mass";29,4;4205,4;"g"
"576";680;1239;"Alligator mississippiensis";"Mass";30,6;43,6;"g"
"577";680;1239;"Alligator mississippiensis";"Mass";30,6;42,5;"g"
"578";680;1239;"Alligator mississippiensis";"Mass";30,6;3469,4;"g"
"579";680;1239;"Alligator mississippiensis";"Mass";30,6;3448,6;"g"
"580";680;1239;"Alligator mississippiensis";"Mass";30,6;5191,4;"g"
"581";680;1239;"Alligator mississippiensis";"Mass";30,6;4679,9;"g"
"582";680;1239;"Alligator mississippiensis";"Mass";31,7;44,1;"g"
"583";680;1239;"Alligator mississippiensis";"Mass";31,7;3474,2;"g"
"584";680;1239;"Alligator mississippiensis";"Mass";31,7;5545,4;"g"
"585";680;1239;"Alligator mississippiensis";"Mass";31,7;41,5;"g"
"586";680;1239;"Alligator mississippiensis";"Mass";31,7;2992,5;"g"
"587";680;1239;"Alligator mississippiensis";"Mass";31,7;4680;"g"
"588";680;1239;"Alligator mississippiensis";"Mass";32,8;48,2;"g"
"589";680;1239;"Alligator mississippiensis";"Mass";32,8;2694,2;"g"
"590";680;1239;"Alligator mississippiensis";"Mass";32,8;4451,4;"g"
"591";686;1243;"Pseudemys nelsoni";"Mass";22;13,1;"g"
"592";686;1243;"Pseudemys nelsoni";"Mass";22;13,81;"g"
"593";686;1243;"Pseudemys nelsoni";"Mass";22;13,49;"g"
"594";686;1243;"Pseudemys nelsoni";"Mass";27;12,86;"g"
"595";686;1243;"Pseudemys nelsoni";"Mass";27;13,79;"g"
"596";686;1243;"Pseudemys nelsoni";"Mass";27;12,87;"g"
"597";686;1243;"Pseudemys nelsoni";"Mass";32;13,31;"g"
"598";686;1243;"Pseudemys nelsoni";"Mass";32;14,03;"g"
"599";686;1243;"Pseudemys nelsoni";"Mass";32;14,9;"g"
"600";692;1247;"Heteronotia binoei";"Mass";24;0,216;"g"
"601";692;1247;"Heteronotia binoei";"Mass";24;0,245;"g"
"602";692;1247;"Heteronotia binoei";"Mass";24;0,21;"g"
"603";692;1247;"Heteronotia binoei";"Mass";24;0,244;"g"
"604";692;1247;"Heteronotia binoei";"Mass";27;0,24;"g"
"605";692;1247;"Heteronotia binoei";"Mass";27;0,253;"g"
"606";692;1247;"Heteronotia binoei";"Mass";27;0,21;"g"
"607";692;1247;"Heteronotia binoei";"Mass";27;0,24;"g"
"608";692;1247;"Heteronotia binoei";"Mass";30;0,223;"g"
"609";692;1247;"Heteronotia binoei";"Mass";30;0,26;"g"
"610";692;1247;"Heteronotia binoei";"Mass";30;0,2;"g"
"611";692;1247;"Heteronotia binoei";"Mass";30;0,26;"g"
"612";712;1261;"Chrysemys picta";"Mass";28,5;6,97;"g"
"613";713;1261;"Trachemys scripta";"Mass";28,5;12,06;"g"
"614";712;1261;"Chrysemys picta";"Mass";28,5;7,06;"g"
"615";713;1261;"Trachemys scripta";"Mass";28,5;12,24;"g"
"616";712;1261;"Chrysemys picta";"Mass";28,5;4,83;"g"
"617";713;1261;"Trachemys scripta";"Mass";28,5;8,6;"g"
"618";712;1261;"Chrysemys picta";"Mass";28,5;5,26;"g"
"619";713;1261;"Trachemys scripta";"Mass";28,5;8,82;"g"
"620";722;1262;"Trachemys scripta";"Mass";23;7,84;"g"
"621";722;1262;"Trachemys scripta";"Mass";23;7,81;"g"
"622";723;1262;"Chrysemys picta";"Mass";23;4,8;"g"
"623";723;1262;"Chrysemys picta";"Mass";23;5,02;"g"
"624";722;1262;"Trachemys scripta";"Mass";31;7,43;"g"
"625";722;1262;"Trachemys scripta";"Mass";31;7,6;"g"
"626";723;1262;"Chrysemys picta";"Mass";31;5,15;"g"
"627";723;1262;"Chrysemys picta";"Mass";31;5,09;"g"
"628";736;1266;"Scincella modesta";"Mass";18;0,0955;"mg"
"629";736;1266;"Scincella modesta";"Mass";21;0,1011;"mg"
"630";736;1266;"Scincella modesta";"Mass";18;87,2;"g"
"631";736;1266;"Scincella modesta";"Mass";21;90,1;"g"
"632";747;1267;"Lacerta agilis";"Mass";27;0,77;"g"
"633";747;1267;"Lacerta agilis";"Mass";27;0,83;"g"
"634";747;1267;"Lacerta agilis";"Mass";27;0,77;"g"
"635";747;1267;"Lacerta agilis";"Mass";27;0,82;"g"
"636";747;1267;"Lacerta agilis";"Mass";27;0,8;"g"
"637";747;1267;"Lacerta agilis";"Mass";27;0,85;"g"
"638";747;1267;"Lacerta agilis";"Mass";27;3,3552;"g"
"639";747;1267;"Lacerta agilis";"Mass";27;3,573;"g"
"640";747;1267;"Lacerta agilis";"Mass";27;3,1636;"g"
"641";747;1267;"Lacerta agilis";"Mass";27;3,3552;"g"
"642";747;1267;"Lacerta agilis";"Mass";27;2,9481;"g"
"643";747;1267;"Lacerta agilis";"Mass";27;3,1142;"g"
"644";747;1267;"Lacerta agilis";"Mass";27;5,6764;"g"
"645";747;1267;"Lacerta agilis";"Mass";27;6,2374;"g"
"646";747;1267;"Lacerta agilis";"Mass";27;5,3458;"g"
"647";747;1267;"Lacerta agilis";"Mass";27;4,9815;"g"
"648";747;1267;"Lacerta agilis";"Mass";27;4,5123;"g"
"649";747;1267;"Lacerta agilis";"Mass";27;4,358;"g"
"650";747;1267;"Lacerta agilis";"Mass";27;0,83;"g"
"651";747;1267;"Lacerta agilis";"Mass";27;0,76;"g"
"652";747;1267;"Lacerta agilis";"Mass";27;3,573;"g"
"653";747;1267;"Lacerta agilis";"Mass";27;3,1636;"g"
"654";747;1267;"Lacerta agilis";"Mass";27;3,0914;"g"
"655";747;1267;"Lacerta agilis";"Mass";27;2,9481;"g"
"656";747;1267;"Lacerta agilis";"Mass";27;3,1142;"g"
"657";747;1267;"Lacerta agilis";"Mass";27;3,4596;"g"
"658";747;1267;"Lacerta agilis";"Mass";27;6,2374;"g"
"659";747;1267;"Lacerta agilis";"Mass";27;5,3458;"g"
"660";747;1267;"Lacerta agilis";"Mass";27;4,6505;"g"
"661";747;1267;"Lacerta agilis";"Mass";27;4,5123;"g"
"662";747;1267;"Lacerta agilis";"Mass";27;4,358;"g"
"663";747;1267;"Lacerta agilis";"Mass";27;5,4359;"g"
"664";747;1267;"Lacerta agilis";"Mass";27;0,68;"g"
"665";747;1267;"Lacerta agilis";"Mass";27;0,75;"g"
"666";747;1267;"Lacerta agilis";"Mass";27;0,72;"g"
"667";747;1267;"Lacerta agilis";"Mass";27;0,76;"g"
"668";747;1267;"Lacerta agilis";"Mass";27;0,75;"g"
"669";747;1267;"Lacerta agilis";"Mass";27;0,77;"g"
"670";747;1267;"Lacerta agilis";"Mass";27;0,74;"g"
"671";747;1267;"Lacerta agilis";"Mass";27;0,7;"g"
"672";761;1268;"Centrochelys sulcata";"Mass";28,5;40,83;"g"
"673";761;1268;"Centrochelys sulcata";"Mass";28,5;39,16;"g"
"674";761;1268;"Centrochelys sulcata";"Mass";28,5;43,56;"g"
"675";761;1268;"Centrochelys sulcata";"Mass";28,5;50,71;"g"
"676";761;1268;"Centrochelys sulcata";"Mass";28,5;53,62;"g"
"677";761;1268;"Centrochelys sulcata";"Mass";28,5;61,21;"g"
"678";761;1268;"Centrochelys sulcata";"Mass";28,5;67,15;"g"
"679";761;1268;"Centrochelys sulcata";"Mass";28,5;73,08;"g"
"680";761;1268;"Centrochelys sulcata";"Mass";28,5;79,36;"g"
"681";761;1268;"Centrochelys sulcata";"Mass";28,5;86,15;"g"
"682";761;1268;"Centrochelys sulcata";"Mass";28,5;86,57;"g"
"683";761;1268;"Centrochelys sulcata";"Mass";28,5;40,61;"g"
"684";761;1268;"Centrochelys sulcata";"Mass";28,5;95,74;"g"
"685";761;1268;"Centrochelys sulcata";"Mass";29,5;40,62;"g"
"686";761;1268;"Centrochelys sulcata";"Mass";29,5;41,23;"g"
"687";761;1268;"Centrochelys sulcata";"Mass";29,5;42,06;"g"
"688";761;1268;"Centrochelys sulcata";"Mass";29,5;47,25;"g"
"689";761;1268;"Centrochelys sulcata";"Mass";29,5;49,87;"g"
"690";761;1268;"Centrochelys sulcata";"Mass";29,5;56;"g"
"691";761;1268;"Centrochelys sulcata";"Mass";29,5;61,77;"g"
"692";761;1268;"Centrochelys sulcata";"Mass";29,5;67,66;"g"
"693";761;1268;"Centrochelys sulcata";"Mass";29,5;73,36;"g"
"694";761;1268;"Centrochelys sulcata";"Mass";29,5;77,82;"g"
"695";761;1268;"Centrochelys sulcata";"Mass";29,5;77,26;"g"
"696";761;1268;"Centrochelys sulcata";"Mass";29,5;40,51;"g"
"697";761;1268;"Centrochelys sulcata";"Mass";29,5;85,82;"g"
"698";761;1268;"Centrochelys sulcata";"Mass";30,5;40,6;"g"
"699";761;1268;"Centrochelys sulcata";"Mass";30,5;41,21;"g"
"700";761;1268;"Centrochelys sulcata";"Mass";30,5;45,88;"g"
"701";761;1268;"Centrochelys sulcata";"Mass";30,5;52,42;"g"
"702";761;1268;"Centrochelys sulcata";"Mass";30,5;56,16;"g"
"703";761;1268;"Centrochelys sulcata";"Mass";30,5;63,11;"g"
"704";761;1268;"Centrochelys sulcata";"Mass";30,5;69,38;"g"
"705";761;1268;"Centrochelys sulcata";"Mass";30,5;75,26;"g"
"706";761;1268;"Centrochelys sulcata";"Mass";30,5;81,44;"g"
"707";761;1268;"Centrochelys sulcata";"Mass";30,5;87,42;"g"
"708";761;1268;"Centrochelys sulcata";"Mass";30,5;88,48;"g"
"709";761;1268;"Centrochelys sulcata";"Mass";30,5;40,64;"g"
"710";761;1268;"Centrochelys sulcata";"Mass";30,5;97,33;"g"
"711";761;1268;"Centrochelys sulcata";"Mass";31,5;42,58;"g"
"712";761;1268;"Centrochelys sulcata";"Mass";31,5;43,33;"g"
"713";761;1268;"Centrochelys sulcata";"Mass";31,5;46,87;"g"
"714";761;1268;"Centrochelys sulcata";"Mass";31,5;53,08;"g"
"715";761;1268;"Centrochelys sulcata";"Mass";31,5;55,46;"g"
"716";761;1268;"Centrochelys sulcata";"Mass";31,5;62,47;"g"
"717";761;1268;"Centrochelys sulcata";"Mass";31,5;68,27;"g"
"718";761;1268;"Centrochelys sulcata";"Mass";31,5;75,28;"g"
"719";761;1268;"Centrochelys sulcata";"Mass";31,5;80,68;"g"
"720";761;1268;"Centrochelys sulcata";"Mass";31,5;86,79;"g"
"721";761;1268;"Centrochelys sulcata";"Mass";31,5;85,64;"g"
"722";761;1268;"Centrochelys sulcata";"Mass";31,5;43,23;"g"
"723";761;1268;"Centrochelys sulcata";"Mass";31,5;95,38;"g"
"724";761;1268;"Centrochelys sulcata";"Mass";32,5;43,02;"g"
"725";761;1268;"Centrochelys sulcata";"Mass";32,5;43,77;"g"
"726";761;1268;"Centrochelys sulcata";"Mass";32,5;46,17;"g"
"727";761;1268;"Centrochelys sulcata";"Mass";32,5;51,23;"g"
"728";761;1268;"Centrochelys sulcata";"Mass";32,5;52,75;"g"
"729";761;1268;"Centrochelys sulcata";"Mass";32,5;60,19;"g"
"730";761;1268;"Centrochelys sulcata";"Mass";32,5;65,76;"g"
"731";761;1268;"Centrochelys sulcata";"Mass";32,5;71,36;"g"
"732";761;1268;"Centrochelys sulcata";"Mass";32,5;77,08;"g"
"733";761;1268;"Centrochelys sulcata";"Mass";32,5;83,51;"g"
"734";761;1268;"Centrochelys sulcata";"Mass";32,5;82;"g"
"735";761;1268;"Centrochelys sulcata";"Mass";32,5;43,98;"g"
"736";761;1268;"Centrochelys sulcata";"Mass";32,5;90,91;"g"
"737";777;1270;"Takydromus septentrionalis";"Mass";24;0,305;"mg"
"738";777;1270;"Takydromus septentrionalis";"Mass";24;0,3036;"mg"
"739";777;1270;"Takydromus septentrionalis";"Mass";24;0,2964;"mg"
"740";777;1270;"Takydromus septentrionalis";"Mass";26;0,3133;"mg"
"741";777;1270;"Takydromus septentrionalis";"Mass";26;0,3199;"mg"
"742";777;1270;"Takydromus septentrionalis";"Mass";26;0,3057;"mg"
"743";777;1270;"Takydromus septentrionalis";"Mass";28;0,2891;"mg"
"744";777;1270;"Takydromus septentrionalis";"Mass";28;0,3163;"mg"
"745";777;1270;"Takydromus septentrionalis";"Mass";28;0,2714;"mg"
"746";777;1270;"Takydromus septentrionalis";"Mass";31;0,3107;"mg"
"747";777;1270;"Takydromus septentrionalis";"Mass";32;0,2928;"mg"
"748";779;1272;"Ptyas dhumnades";"Mass";24;12,7;"g"
"749";779;1272;"Ptyas dhumnades";"Mass";24;11,5;"g"
"750";779;1272;"Ptyas dhumnades";"Mass";27;11,9;"g"
"751";779;1272;"Ptyas dhumnades";"Mass";27;12,7;"g"
"752";779;1272;"Ptyas dhumnades";"Mass";30;12,5;"g"
"753";779;1272;"Ptyas dhumnades";"Mass";30;12,5;"g"
"754";779;1272;"Ptyas dhumnades";"Mass";33;11,8;"g"
"755";779;1272;"Ptyas dhumnades";"Mass";33;13,4;"g"
"756";779;1272;"Ptyas dhumnades";"Mass";24;8,6;"g"
"757";779;1272;"Ptyas dhumnades";"Mass";24;8;"g"
"758";779;1272;"Ptyas dhumnades";"Mass";27;7,8;"g"
"759";779;1272;"Ptyas dhumnades";"Mass";27;8,6;"g"
"760";779;1272;"Ptyas dhumnades";"Mass";30;8,1;"g"
"761";779;1272;"Ptyas dhumnades";"Mass";30;8,2;"g"
"762";779;1272;"Ptyas dhumnades";"Mass";33;7,66;"g"
"763";779;1272;"Ptyas dhumnades";"Mass";33;8,38;"g"
"764";798;1273;"Deinagkistrodon acutus";"Mass";24;18,2;"g"
"765";798;1273;"Deinagkistrodon acutus";"Mass";26;18,1;"g"
"766";798;1273;"Deinagkistrodon acutus";"Mass";28;17,5;"g"
"767";798;1273;"Deinagkistrodon acutus";"Mass";30;20,8;"g"
"768";815;1283;"Natrix natrix";"Mass";19;4;"g"
"769";815;1283;"Natrix natrix";"Mass";25;3,9;"g"
"770";815;1283;"Natrix natrix";"Mass";25;3,9;"g"
"771";815;1283;"Natrix natrix";"Mass";31;3,7;"g"
"772";815;1283;"Natrix natrix";"Mass";19;13,3333;"g"
"773";815;1283;"Natrix natrix";"Mass";25;28,32;"g"
"774";815;1283;"Natrix natrix";"Mass";25;33,11538;"g"
"775";815;1283;"Natrix natrix";"Mass";31;32,56522;"g"
"776";824;1284;"Natrix natrix";"Mass";19;2,03;"g"
"777";824;1284;"Natrix natrix";"Mass";21;2,71;"g"
"778";824;1284;"Natrix natrix";"Mass";23;2,73;"g"
"779";824;1284;"Natrix natrix";"Mass";25;2,87;"g"
"780";824;1284;"Natrix natrix";"Mass";27;2,9;"g"
"781";824;1284;"Natrix natrix";"Mass";29;2,94;"g"
"782";824;1284;"Natrix natrix";"Mass";31;2,83;"g"
"783";832;1285;"Scincella modesta";"Mass";24;106;"g"
"784";832;1285;"Scincella modesta";"Mass";28;107,8;"g"
"785";832;1285;"Scincella modesta";"Mass";24;0,1087;"mg"
"786";832;1285;"Scincella modesta";"Mass";28;0,1099;"mg"
"787";855;1286;"Xenochrophis piscator";"Mass";24;1,71;"g"
"788";855;1286;"Xenochrophis piscator";"Mass";24;1,72;"g"
"789";855;1286;"Xenochrophis piscator";"Mass";27;1,69;"g"
"790";855;1286;"Xenochrophis piscator";"Mass";27;1,73;"g"
"791";855;1286;"Xenochrophis piscator";"Mass";30;1,52;"g"
"792";855;1286;"Xenochrophis piscator";"Mass";30;1,58;"g"
"793";859;1287;"Scincella modesta";"Mass";24;0,017;"g"
"794";859;1287;"Scincella modesta";"Mass";24;0,106;"g"
"795";859;1287;"Scincella modesta";"Mass";24;0,104;"g"
"796";859;1287;"Scincella modesta";"Mass";28;0,114;"g"
"797";859;1287;"Scincella modesta";"Mass";28;0,102;"g"
"798";859;1287;"Scincella modesta";"Mass";28;0,098;"g"
"799";864;1298;"Chelydra serpentina";"Mass";22;11,1;"g"
"800";864;1298;"Chelydra serpentina";"Mass";22;10,6;"g"
"801";864;1298;"Chelydra serpentina";"Mass";22;15;"g"
"802";864;1298;"Chelydra serpentina";"Mass";22;12,3;"g"
"803";864;1298;"Chelydra serpentina";"Mass";22;11,9;"g"
"804";864;1298;"Chelydra serpentina";"Mass";27;13,5;"g"
"805";864;1298;"Chelydra serpentina";"Mass";27;11,4;"g"
"806";864;1298;"Chelydra serpentina";"Mass";27;19,5;"g"
"807";864;1298;"Chelydra serpentina";"Mass";27;16,9;"g"
"808";864;1298;"Chelydra serpentina";"Mass";27;12,1;"g"
"809";864;1298;"Chelydra serpentina";"Mass";31;11,3;"g"
"810";864;1298;"Chelydra serpentina";"Mass";31;11,8;"g"
"811";864;1298;"Chelydra serpentina";"Mass";31;13,5;"g"
"812";864;1298;"Chelydra serpentina";"Mass";31;12,4;"g"
"813";868;1300;"Elusor macrurus";"Mass";26;7,38;"g"
"814";868;1300;"Elusor macrurus";"Mass";29;7,31;"g"
"815";868;1300;"Elusor macrurus";"Mass";32;6,91;"g"
"816";878;1301;"Elusor macrurus";"Mass";28;7,2;"g"
"817";878;1301;"Elusor macrurus";"Mass";28;7,3;"g"
"818";878;1301;"Elusor macrurus";"Mass";28;5,3;"g"
"819";887;1307;"Lacerta schreiberi";"Mass";24;1,13;"g"
"820";887;1307;"Lacerta schreiberi";"Mass";24;2,17;"g"
"821";887;1307;"Lacerta schreiberi";"Mass";28;1,1;"g"
"822";887;1307;"Lacerta schreiberi";"Mass";28;1,94;"g"
"823";887;1307;"Lacerta schreiberi";"Mass";32;0,89;"g"
"824";887;1307;"Lacerta schreiberi";"Mass";32;1,53;"g"
"825";904;1316;"Apalone mutica";"Mass";28,5;6,96;"g"
"826";904;1316;"Apalone mutica";"Mass";28,5;7,08;"g"
"827";904;1316;"Apalone mutica";"Mass";28,5;6,95;"g"
"828";904;1316;"Apalone mutica";"Mass";32,5;6,96;"g"
"829";904;1316;"Apalone mutica";"Mass";32,5;6,91;"g"
"830";904;1316;"Apalone mutica";"Mass";32,5;6,94;"g"
"831";904;1316;"Apalone mutica";"Mass";28,5;6,96;"g"
"832";904;1316;"Apalone mutica";"Mass";28,5;7,08;"g"
"833";904;1316;"Apalone mutica";"Mass";28,5;6,97;"g"
"834";904;1316;"Apalone mutica";"Mass";32,5;6,89;"g"
"835";904;1316;"Apalone mutica";"Mass";32,5;7,01;"g"
"836";904;1316;"Apalone mutica";"Mass";32,5;6,99;"g"
"837";904;1316;"Apalone mutica";"Mass";28,5;5,09;"g"
"838";904;1316;"Apalone mutica";"Mass";28,5;5,13;"g"
"839";904;1316;"Apalone mutica";"Mass";28,5;5,14;"g"
"840";904;1316;"Apalone mutica";"Mass";32,5;5,17;"g"
"841";904;1316;"Apalone mutica";"Mass";32,5;4,86;"g"
"842";904;1316;"Apalone mutica";"Mass";32,5;4,87;"g"
"843";918;1319;"Emys orbicularis";"Mass";28;5,07;"g"
"844";924;1322;"Sphenodon punctatus";"Mass";18;4,65;"g"
"845";924;1322;"Sphenodon punctatus";"Mass";18;14,05;"g"
"846";924;1322;"Sphenodon punctatus";"Mass";21;4,7;"g"
"847";924;1322;"Sphenodon punctatus";"Mass";21;18,08;"g"
"848";924;1322;"Sphenodon punctatus";"Mass";22;4,55;"g"
"849";924;1322;"Sphenodon punctatus";"Mass";22;17,65;"g"
"850";935;1327;"Chelydra serpentina";"Mass";21,5;10,9;"g"
"851";935;1327;"Chelydra serpentina";"Mass";21,5;9,9;"g"
"852";935;1327;"Chelydra serpentina";"Mass";21,5;8,8;"g"
"853";935;1327;"Chelydra serpentina";"Mass";21,5;9,1;"g"
"854";935;1327;"Chelydra serpentina";"Mass";24,5;11,4;"g"
"855";935;1327;"Chelydra serpentina";"Mass";24,5;9,8;"g"
"856";935;1327;"Chelydra serpentina";"Mass";27,5;11,3;"g"
"857";935;1327;"Chelydra serpentina";"Mass";27,5;9,8;"g"
"858";935;1327;"Chelydra serpentina";"Mass";27,5;11,1;"g"
"859";935;1327;"Chelydra serpentina";"Mass";27,5;9,8;"g"
"860";935;1327;"Chelydra serpentina";"Mass";30,5;10;"g"
"861";935;1327;"Chelydra serpentina";"Mass";30,5;9,4;"g"
"862";938;1328;"Chelydra serpentina";"Mass";21,5;10,7;"g"
"863";938;1328;"Chelydra serpentina";"Mass";21,5;9,9;"g"
"864";938;1328;"Chelydra serpentina";"Mass";21,5;9;"g"
"865";938;1328;"Chelydra serpentina";"Mass";21,5;9,3;"g"
"866";938;1328;"Chelydra serpentina";"Mass";24,5;11,4;"g"
"867";938;1328;"Chelydra serpentina";"Mass";24,5;9,1;"g"
"868";938;1328;"Chelydra serpentina";"Mass";27,5;11,3;"g"
"869";938;1328;"Chelydra serpentina";"Mass";27,5;9,7;"g"
"870";938;1328;"Chelydra serpentina";"Mass";27,5;11,3;"g"
"871";938;1328;"Chelydra serpentina";"Mass";27,5;11,1;"g"
"872";938;1328;"Chelydra serpentina";"Mass";27,5;9,9;"g"
"873";938;1328;"Chelydra serpentina";"Mass";30,5;10;"g"
"874";938;1328;"Chelydra serpentina";"Mass";30,5;8,9;"g"
"875";947;1332;"Sceloporus undulatus";"Mass";24;0,61;"g"
"876";947;1332;"Sceloporus undulatus";"Mass";27;0,59;"g"
"877";962;1340;"Chrysemys picta";"Mass";27;4,809;"g"
"878";962;1340;"Chrysemys picta";"Mass";27;4,686;"g"
"879";962;1340;"Chrysemys picta";"Mass";27;4,726;"g"
"880";972;1343;"Takydromus wolteri";"Mass";24;239;"g"
"881";972;1343;"Takydromus wolteri";"Mass";27;244,7;"g"
"882";972;1343;"Takydromus wolteri";"Mass";30;222,5;"g"
"883";972;1343;"Takydromus wolteri";"Mass";33;212;"g"
"884";972;1343;"Takydromus wolteri";"Mass";24;0,242;"mg"
"885";972;1343;"Takydromus wolteri";"Mass";24;0,2367;"mg"
"886";972;1343;"Takydromus wolteri";"Mass";27;0,2409;"mg"
"887";972;1343;"Takydromus wolteri";"Mass";27;0,2463;"mg"
"888";972;1343;"Takydromus wolteri";"Mass";30;0,2123;"mg"
"889";972;1343;"Takydromus wolteri";"Mass";30;0,2361;"mg"
"890";972;1343;"Takydromus wolteri";"Mass";33;0,2008;"mg"
"891";972;1343;"Takydromus wolteri";"Mass";33;0,2204;"mg"
"892";986;1344;"Caiman latirostris";"Mass";29;54,65;"g"
"893";986;1344;"Caiman latirostris";"Mass";29;54;"g"
"894";986;1344;"Caiman latirostris";"Mass";31;59,5;"g"
"895";986;1344;"Caiman latirostris";"Mass";31;90;"g"
"896";986;1344;"Caiman latirostris";"Mass";33;60;"g"
"897";986;1344;"Caiman latirostris";"Mass";33;60;"g"
"898";993;1346;"Sceloporus undulatus";"Mass";22;0,587;"g"
"899";993;1346;"Sceloporus undulatus";"Mass";24;0,589;"g"
"900";993;1346;"Sceloporus undulatus";"Mass";27;0,58;"g"
"901";993;1346;"Sceloporus undulatus";"Mass";22;0,761;"g"
"902";993;1346;"Sceloporus undulatus";"Mass";24;0,725;"g"
"903";993;1346;"Sceloporus undulatus";"Mass";27;0,714;"g"
"904";1003;1348;"Pantherophis obsoletus";"Mass";26;9,753;"g"
"905";1003;1348;"Pantherophis obsoletus";"Mass";26;10,1478;"g"
"906";1003;1348;"Pantherophis obsoletus";"Mass";29;9,5871;"g"
"907";1003;1348;"Pantherophis obsoletus";"Mass";29;9,992;"g"
"908";1014;1352;"Varanus albigularis";"Mass";27;24,7;"g"
"909";1014;1352;"Varanus albigularis";"Mass";27;24;"g"
"910";1014;1352;"Varanus albigularis";"Mass";27;25;"g"
"911";1014;1352;"Varanus albigularis";"Mass";29;24,3;"g"
"912";1014;1352;"Varanus albigularis";"Mass";29;24,08;"g"
"913";1014;1352;"Varanus albigularis";"Mass";29;23;"g"
"914";1014;1352;"Varanus albigularis";"Mass";31;23,6;"g"
"915";1014;1352;"Varanus albigularis";"Mass";31;23,38;"g"
"916";1014;1352;"Varanus albigularis";"Mass";31;22,6;"g"
"917";1018;1360;"Caiman latirostris";"Mass";29;44,2;"g"
"918";1018;1360;"Caiman latirostris";"Mass";31;40,2;"g"
"919";1018;1360;"Caiman latirostris";"Mass";33;42;"g"
"920";1024;1365;"Phrynocephalus frontalis";"Mass";24;1,68;"g"
"921";1025;1365;"Phrynocephalus versicolor";"Mass";24;1,56;"g"
"922";1024;1365;"Phrynocephalus frontalis";"Mass";28;1,52;"g"
"923";1025;1365;"Phrynocephalus versicolor";"Mass";28;1,35;"g"
"924";1024;1365;"Phrynocephalus frontalis";"Mass";32;1,34;"g"
"925";1025;1365;"Phrynocephalus versicolor";"Mass";32;1,03;"g"
"926";1024;1365;"Phrynocephalus frontalis";"Mass";24;0,52;"g"
"927";1025;1365;"Phrynocephalus versicolor";"Mass";24;0,5;"g"
"928";1024;1365;"Phrynocephalus frontalis";"Mass";28;0,55;"g"
"929";1025;1365;"Phrynocephalus versicolor";"Mass";28;0,53;"g"
"930";1024;1365;"Phrynocephalus frontalis";"Mass";32;0,54;"g"
"931";1025;1365;"Phrynocephalus versicolor";"Mass";32;0,5;"g"
"932";1047;1367;"Sceloporus virgatus";"Mass";20;0,447;"g"
"933";1047;1367;"Sceloporus virgatus";"Mass";20;0,417;"g"
"934";1047;1367;"Sceloporus virgatus";"Mass";20;0,482;"g"
"935";1047;1367;"Sceloporus virgatus";"Mass";20;0,435;"g"
"936";1047;1367;"Sceloporus virgatus";"Mass";25;0,452;"g"
"937";1047;1367;"Sceloporus virgatus";"Mass";25;0,426;"g"
"938";1047;1367;"Sceloporus virgatus";"Mass";25;0,553;"g"
"939";1047;1367;"Sceloporus virgatus";"Mass";25;0,494;"g"
"940";1060;1369;"Lampropholis guichenoti";"Mass";19;0,16;"g"
"941";1060;1369;"Lampropholis guichenoti";"Mass";19;0,149;"g"
"942";1060;1369;"Lampropholis guichenoti";"Mass";26;0,157;"g"
"943";1060;1369;"Lampropholis guichenoti";"Mass";26;0,148;"g"
"944";1067;1370;"Lampropholis guichenoti";"Mass";19;0,1485;"g"
"945";1067;1370;"Lampropholis guichenoti";"Mass";26;0,1482;"g"
"946";1070;1372;"Calotes versicolor";"Mass";27;3,51;"mg"
"947";1070;1372;"Calotes versicolor";"Mass";30;3,418;"mg"
"948";1070;1372;"Calotes versicolor";"Mass";33;3,946;"mg"
"949";1070;1372;"Calotes versicolor";"Mass";35;4,109;"mg"
"950";1070;1372;"Calotes versicolor";"Mass";27;0,563;"mg"
"951";1070;1372;"Calotes versicolor";"Mass";30;0,466;"mg"
"952";1070;1372;"Calotes versicolor";"Mass";33;0,495;"mg"
"953";1070;1372;"Calotes versicolor";"Mass";35;0,481;"mg"
"954";1070;1372;"Calotes versicolor";"Mass";27;0,446;"mg"
"955";1070;1372;"Calotes versicolor";"Mass";30;0,417;"mg"
"956";1070;1372;"Calotes versicolor";"Mass";33;0,431;"mg"
"957";1070;1372;"Calotes versicolor";"Mass";35;0,471;"mg"
"958";1084;1388;"Caretta caretta";"Mass";27,6;16,74;"g"
"959";1084;1388;"Caretta caretta";"Mass";30;16,72;"g"
"960";1084;1388;"Caretta caretta";"Mass";31,8;16,59;"g"
"961";1084;1388;"Caretta caretta";"Mass";27,6;30,48;"g"
"962";1084;1388;"Caretta caretta";"Mass";30;30,21;"g"
"963";1084;1388;"Caretta caretta";"Mass";31,8;30,31;"g"
"964";1101;1402;"Zootoca vivipara";"Mass";21;22,326;"g"
"965";1101;1402;"Zootoca vivipara";"Mass";21;24,306;"g"
"966";1101;1402;"Zootoca vivipara";"Mass";21;21,06;"g"
"967";1101;1402;"Zootoca vivipara";"Mass";21;23,322;"g"
"968";1101;1402;"Zootoca vivipara";"Mass";21;24,623;"g"
"969";1101;1402;"Zootoca vivipara";"Mass";21;23,768;"g"
"970";1101;1402;"Zootoca vivipara";"Mass";25;21,916;"g"
"971";1101;1402;"Zootoca vivipara";"Mass";25;23,502;"g"
"972";1101;1402;"Zootoca vivipara";"Mass";25;21,974;"g"
"973";1101;1402;"Zootoca vivipara";"Mass";25;23,538;"g"
"974";1101;1402;"Zootoca vivipara";"Mass";25;23,332;"g"
"975";1101;1402;"Zootoca vivipara";"Mass";25;23,977;"g"
"976";1101;1402;"Zootoca vivipara";"Mass";29;21,806;"g"
"977";1101;1402;"Zootoca vivipara";"Mass";29;23,68;"g"
"978";1101;1402;"Zootoca vivipara";"Mass";29;21,421;"g"
"979";1101;1402;"Zootoca vivipara";"Mass";29;23,343;"g"
"980";1101;1402;"Zootoca vivipara";"Mass";29;23,447;"g"
"981";1101;1402;"Zootoca vivipara";"Mass";29;23,566;"g"
"982";1109;1404;"Zootoca vivipara";"Mass";21;0,219;"g"
"983";1109;1404;"Zootoca vivipara";"Mass";21;0,223;"g"
"984";1109;1404;"Zootoca vivipara";"Mass";25;0,221;"g"
"985";1109;1404;"Zootoca vivipara";"Mass";25;0,23;"g"
"986";1109;1404;"Zootoca vivipara";"Mass";29;0,216;"g"
"987";1109;1404;"Zootoca vivipara";"Mass";29;0,226;"g"
"988";1109;1404;"Zootoca vivipara";"Mass";32;0,234;"g"
"989";1109;1404;"Zootoca vivipara";"Mass";32;0,222;"g"
"990";1109;1404;"Zootoca vivipara";"Mass";34;0,231;"g"
"991";1109;1404;"Zootoca vivipara";"Mass";34;0,228;"g"
"992";1127;1419;"Bassiana duperreyi";"Mass";10;0,28;"g"
"993";1128;1419;"Nannoscincus maccoyi";"Mass";10;0,16;"g"
"994";1127;1419;"Bassiana duperreyi";"Mass";30;0,29;"g"
"995";1128;1419;"Nannoscincus maccoyi";"Mass";30;0,16;"g"
"996";1139;1420;"Nannoscincus maccoyi";"Mass";20;0,1725;"g"
"997";1139;1420;"Nannoscincus maccoyi";"Mass";27;0,1578;"g"
"998";1148;1430;"Bassiana duperreyi";"Mass";20;0,278;"g"
"999";1148;1430;"Bassiana duperreyi";"Mass";20;0,255;"g"
"1000";1148;1430;"Bassiana duperreyi";"Mass";20;0,7;"g"
"1001";1148;1430;"Bassiana duperreyi";"Mass";20;0,64;"g"
"1002";1148;1430;"Bassiana duperreyi";"Mass";27;0,274;"g"
"1003";1148;1430;"Bassiana duperreyi";"Mass";27;0,282;"g"
"1004";1148;1430;"Bassiana duperreyi";"Mass";27;0,56;"g"
"1005";1148;1430;"Bassiana duperreyi";"Mass";27;0,67;"g"
"1006";1154;1435;"Bassiana duperreyi";"Mass";22;0,28;"g"
"1007";1154;1435;"Bassiana duperreyi";"Mass";30;0,28;"g"
"1008";1154;1435;"Bassiana duperreyi";"Mass";22;0,258;"g"
"1009";1154;1435;"Bassiana duperreyi";"Mass";23;0,27;"g"
"1010";1154;1435;"Bassiana duperreyi";"Mass";23;0,273;"g"
"1011";1154;1435;"Bassiana duperreyi";"Mass";23;0,267;"g"
"1012";1154;1435;"Bassiana duperreyi";"Mass";30;0,254;"g"
"1013";1161;1437;"Liasis fuscus";"Mass";27,05;28,89;"g"
"1014";1161;1437;"Liasis fuscus";"Mass";27,05;26,87;"g"
"1015";1161;1437;"Liasis fuscus";"Mass";27,05;26,14;"g"
"1016";1161;1437;"Liasis fuscus";"Mass";30,15;32,27;"g"
"1017";1161;1437;"Liasis fuscus";"Mass";30,15;30,59;"g"
"1018";1161;1437;"Liasis fuscus";"Mass";30,15;30,1;"g"
"1019";1173;1448;"Gopherus agassizii";"Mass";28,1;22,7692;"g"
"1020";1173;1448;"Gopherus agassizii";"Mass";30,6;22,4219;"g"
"1021";1173;1448;"Gopherus agassizii";"Mass";32,8;20,5562;"g"
"1022";1173;1448;"Gopherus agassizii";"Mass";35,3;18,9664;"g"
"1023";1180;1452;"Paroedura picta";"Mass";24;0,94;"g"
"1024";1180;1452;"Paroedura picta";"Mass";27;0,96;"g"
"1025";1180;1452;"Paroedura picta";"Mass";30;0,89;"g"
"1026";1181;1454;"Chelydra serpentina";"Mass";26,5;63,47;"g"
"1027";1181;1454;"Chelydra serpentina";"Mass";26,5;53,59;"g"
"1028";1181;1454;"Chelydra serpentina";"Mass";28;65,82;"g"
"1029";1181;1454;"Chelydra serpentina";"Mass";28;54,9;"g"
"1030";1181;1454;"Chelydra serpentina";"Mass";30;66,38;"g"
"1031";1181;1454;"Chelydra serpentina";"Mass";30;53,57;"g"
"1032";1199;1460;"Phrynocephalus przewalskii";"Mass";26;0,96;"g"
"1033";1199;1460;"Phrynocephalus przewalskii";"Mass";26;0,91;"g"
"1034";1200;1460;"Phrynocephalus versicolor";"Mass";26;0,81;"g"
"1035";1200;1460;"Phrynocephalus versicolor";"Mass";26;0,78;"g"
"1036";1199;1460;"Phrynocephalus przewalskii";"Mass";30;0,98;"g"
"1037";1199;1460;"Phrynocephalus przewalskii";"Mass";30;0,84;"g"
"1038";1200;1460;"Phrynocephalus versicolor";"Mass";30;0,85;"g"
"1039";1200;1460;"Phrynocephalus versicolor";"Mass";30;0,87;"g"
"1040";1199;1460;"Phrynocephalus przewalskii";"Mass";34;0,84;"g"
"1041";1199;1460;"Phrynocephalus przewalskii";"Mass";34;0,88;"g"
"1042";1200;1460;"Phrynocephalus versicolor";"Mass";34;0,74;"g"
"1043";1200;1460;"Phrynocephalus versicolor";"Mass";34;0,74;"g"
"1044";1216;1464;"Bassiana duperreyi";"Mass";16;0,3;"g"
"1045";1216;1464;"Bassiana duperreyi";"Mass";16;0,29;"g"
"1046";1216;1464;"Bassiana duperreyi";"Mass";22;0,31;"g"
"1047";1216;1464;"Bassiana duperreyi";"Mass";22;0,28;"g"
"1048";1225;1469;"Eublepharis macularius";"Mass";26;35,73;"g"
"1049";1225;1469;"Eublepharis macularius";"Mass";26;51,65;"g"
"1050";1225;1469;"Eublepharis macularius";"Mass";32,5;44,77;"g"
"1051";1225;1469;"Eublepharis macularius";"Mass";32,5;41,75;"g"
"1052";1244;1488;"Emys orbicularis";"Mass";25;8,68;"g"
"1053";1244;1488;"Emys orbicularis";"Mass";28;8,1;"g"
"1054";1244;1488;"Emys orbicularis";"Mass";25;5,3;"g"
"1055";1244;1488;"Emys orbicularis";"Mass";28;5,09;"g"
"1056";1266;1510;"Crocodylus porosus";"Mass";29;63,8;"g"
"1057";1266;1510;"Crocodylus porosus";"Mass";30;68,4;"g"
"1058";1266;1510;"Crocodylus porosus";"Mass";31;66,3;"g"
"1059";1266;1510;"Crocodylus porosus";"Mass";32;67,9;"g"
"1060";1266;1510;"Crocodylus porosus";"Mass";33;69,6;"g"
"1061";1273;1511;"Tropidonophis mairii";"Mass";25,6;2,54;"g"
"1062";1273;1511;"Tropidonophis mairii";"Mass";25,6;2,55;"g"
"1063";1285;1525;"Trachemys scripta";"Mass";26;7,79;"g"
"1064";1285;1525;"Trachemys scripta";"Mass";29,2;8,16;"g"
"1065";1285;1525;"Trachemys scripta";"Mass";29,2;7,95;"g"
"1066";1285;1525;"Trachemys scripta";"Mass";31;7,63;"g"
"1067";1285;1525;"Trachemys scripta";"Mass";31;7,47;"g"
"1068";1287;1527;"Hemidactylus bowringii";"Mass";24;0,3084;"mg"
"1069";1287;1527;"Hemidactylus bowringii";"Mass";30;0,2981;"mg"
"1070";1287;1527;"Hemidactylus bowringii";"Mass";24;0,2163;"mg"
"1071";1287;1527;"Hemidactylus bowringii";"Mass";30;0,2251;"mg"
"1072";1302;1539;"Plestiodon chinensis";"Mass";24;0,6901;"mg"
"1073";1302;1539;"Plestiodon chinensis";"Mass";24;0,6761;"mg"
"1074";1302;1539;"Plestiodon chinensis";"Mass";26;0,6898;"mg"
"1075";1302;1539;"Plestiodon chinensis";"Mass";26;0,6839;"mg"
"1076";1302;1539;"Plestiodon chinensis";"Mass";30;0,6773;"mg"
"1077";1302;1539;"Plestiodon chinensis";"Mass";30;0,6633;"mg"
"1078";1302;1539;"Plestiodon chinensis";"Mass";32;0,6753;"mg"
"1079";1302;1539;"Plestiodon chinensis";"Mass";32;0,6769;"mg"
"1080";1331;1570;"Mauremys reevesii";"Mass";24;4,37;"g"
"1081";1331;1570;"Mauremys reevesii";"Mass";26;4,46;"g"
"1082";1331;1570;"Mauremys reevesii";"Mass";28;4,44;"g"
"1083";1331;1570;"Mauremys reevesii";"Mass";30;4,12;"g"
"1084";1331;1570;"Mauremys reevesii";"Mass";32;3,92;"g"
"1085";1331;1570;"Mauremys reevesii";"Mass";34;3,67;"g"
"1086";1344;1574;"Mauremys reevesii";"Mass";24;4,302;"g"
"1087";1344;1574;"Mauremys reevesii";"Mass";27;4,465;"g"
"1088";1344;1574;"Mauremys reevesii";"Mass";30;4,233;"g"
"1089";1344;1574;"Mauremys reevesii";"Mass";33;4,17;"g"
"1090";1355;1577;"Amphibolurus muricatus";"Mass";25;1,32;"g"
"1091";1355;1577;"Amphibolurus muricatus";"Mass";25;1,92;"g"
"1092";1355;1577;"Amphibolurus muricatus";"Mass";25;5,15;"g"
"1093";1355;1577;"Amphibolurus muricatus";"Mass";28;1,36;"g"
"1094";1355;1577;"Amphibolurus muricatus";"Mass";28;1,99;"g"
"1095";1355;1577;"Amphibolurus muricatus";"Mass";28;5,52;"g"
"1096";1355;1577;"Amphibolurus muricatus";"Mass";32;1,27;"g"
"1097";1355;1577;"Amphibolurus muricatus";"Mass";32;1,61;"g"
"1098";1355;1577;"Amphibolurus muricatus";"Mass";32;4,19;"g"
"1099";1370;1604;"Pelodiscus sinensis";"Mass";30;4,21;"g"
"1100";1370;1604;"Pelodiscus sinensis";"Mass";30;3,59;"g"
"1101";1370;1604;"Pelodiscus sinensis";"Mass";30;3,12;"g"
"1102";1370;1604;"Pelodiscus sinensis";"Mass";30;3,95;"g"
"1103";1370;1604;"Pelodiscus sinensis";"Mass";30;3,08;"g"
"1104";1378;1609;"Plestiodon chinensis";"Mass";24;0,5813;"g"
"1105";1378;1609;"Plestiodon chinensis";"Mass";24;0,6121;"g"
"1106";1378;1609;"Plestiodon chinensis";"Mass";24;0,6411;"g"
"1107";1378;1609;"Plestiodon chinensis";"Mass";24;0,5978;"g"
"1108";1378;1609;"Plestiodon chinensis";"Mass";24;0,6183;"g"
"1109";1378;1609;"Plestiodon chinensis";"Mass";24;0,6015;"g"
"1110";1378;1609;"Plestiodon chinensis";"Mass";28;0,6056;"g"
"1111";1378;1609;"Plestiodon chinensis";"Mass";28;0,6203;"g"
"1112";1378;1609;"Plestiodon chinensis";"Mass";28;0,6461;"g"
"1113";1378;1609;"Plestiodon chinensis";"Mass";28;0,619;"g"
"1114";1378;1609;"Plestiodon chinensis";"Mass";28;0,6296;"g"
"1115";1378;1609;"Plestiodon chinensis";"Mass";28;0,6322;"g"
"1116";1378;1609;"Plestiodon chinensis";"Mass";32;0,5972;"g"
"1117";1378;1609;"Plestiodon chinensis";"Mass";32;0,5988;"g"
"1118";1378;1609;"Plestiodon chinensis";"Mass";32;0,6187;"g"
"1119";1378;1609;"Plestiodon chinensis";"Mass";32;0,6108;"g"
"1120";1378;1609;"Plestiodon chinensis";"Mass";32;0,6135;"g"
"1121";1378;1609;"Plestiodon chinensis";"Mass";32;0,6024;"g"
"1122";1380;1625;"Caretta caretta";"Mass";27,1;19,71;"g"
"1123";1380;1625;"Caretta caretta";"Mass";27,3;20,46;"g"
"1124";1380;1625;"Caretta caretta";"Mass";28,3;19,98;"g"
"1125";1380;1625;"Caretta caretta";"Mass";28,5;20,24;"g"
"1126";1380;1625;"Caretta caretta";"Mass";29;19,19;"g"
"1127";1380;1625;"Caretta caretta";"Mass";29,2;19,54;"g"
"1128";1380;1625;"Caretta caretta";"Mass";30,5;19,72;"g"
"1129";1380;1625;"Caretta caretta";"Mass";30,8;19,26;"g"
"1130";1380;1625;"Caretta caretta";"Mass";31;19,5;"g"
"1131";1400;1651;"Psammodromus algirus";"Mass";24;0,54;"g"
"1132";1400;1651;"Psammodromus algirus";"Mass";24;0,48;"g"
"1133";1400;1651;"Psammodromus algirus";"Mass";24;0,49;"g"
"1134";1400;1651;"Psammodromus algirus";"Mass";24;0,47;"g"
"1135";1400;1651;"Psammodromus algirus";"Mass";24;0,57;"g"
"1136";1400;1651;"Psammodromus algirus";"Mass";24;0,5;"g"
"1137";1400;1651;"Psammodromus algirus";"Mass";24;0,51;"g"
"1138";1400;1651;"Psammodromus algirus";"Mass";24;0,48;"g"
"1139";1400;1651;"Psammodromus algirus";"Mass";32;0,54;"g"
"1140";1400;1651;"Psammodromus algirus";"Mass";32;0,49;"g"
"1141";1400;1651;"Psammodromus algirus";"Mass";32;0,48;"g"
"1142";1400;1651;"Psammodromus algirus";"Mass";32;0,43;"g"
"1143";1400;1651;"Psammodromus algirus";"Mass";32;0,54;"g"
"1144";1400;1651;"Psammodromus algirus";"Mass";32;0,49;"g"
"1145";1400;1651;"Psammodromus algirus";"Mass";32;0,51;"g"
"1146";1400;1651;"Psammodromus algirus";"Mass";32;0,48;"g"
"1147";1400;1651;"Psammodromus algirus";"Mass";24;0,83;"g"
"1148";1400;1651;"Psammodromus algirus";"Mass";24;0,77;"g"
"1149";1400;1651;"Psammodromus algirus";"Mass";24;0,55;"g"
"1150";1400;1651;"Psammodromus algirus";"Mass";24;0,56;"g"
"1151";1400;1651;"Psammodromus algirus";"Mass";24;0,89;"g"
"1152";1400;1651;"Psammodromus algirus";"Mass";24;0,84;"g"
"1153";1400;1651;"Psammodromus algirus";"Mass";24;0,67;"g"
"1154";1400;1651;"Psammodromus algirus";"Mass";24;0,56;"g"
"1155";1400;1651;"Psammodromus algirus";"Mass";32;0,9;"g"
"1156";1400;1651;"Psammodromus algirus";"Mass";32;0,74;"g"
"1157";1400;1651;"Psammodromus algirus";"Mass";32;0,75;"g"
"1158";1400;1651;"Psammodromus algirus";"Mass";32;0,52;"g"
"1159";1400;1651;"Psammodromus algirus";"Mass";32;0,92;"g"
"1160";1400;1651;"Psammodromus algirus";"Mass";32;0,73;"g"
"1161";1400;1651;"Psammodromus algirus";"Mass";32;0,72;"g"
"1162";1400;1651;"Psammodromus algirus";"Mass";32;0,6;"g"
"1163";1438;1663;"Mauremys mutica";"Mass";26;7,05;"g"
"1164";1438;1663;"Mauremys mutica";"Mass";28;7,39;"g"
"1165";1438;1663;"Mauremys mutica";"Mass";30;8,2;"g"
"1166";1438;1663;"Mauremys mutica";"Mass";26;7,12;"g"
"1167";1438;1663;"Mauremys mutica";"Mass";28;7,34;"g"
"1168";1438;1663;"Mauremys mutica";"Mass";30;7,23;"g"
"1169";1457;1337;"Terrapene ornata";"Mass";29;10,378;"g"
"1170";1457;1337;"Terrapene ornata";"Mass";29;10,564;"g"
"1171";1466;1551;"Chelonia mydas";"Mass";26;49,07;"g"
"1172";1466;1551;"Chelonia mydas";"Mass";30;50,39;"g"
"1173";1466;1551;"Chelonia mydas";"Mass";26;28,2;"g"
"1174";1466;1551;"Chelonia mydas";"Mass";30;24,42;"g"
"1175";1474;1534;"Phrynocephalus przewalskii";"Mass";28;0,684;"g"
"1176";1474;1534;"Phrynocephalus przewalskii";"Mass";28;0,621;"g"
"1177";1474;1534;"Phrynocephalus przewalskii";"Mass";28;0,714;"g"
"1178";1484;1638;"Plestiodon chinensis";"Mass";27;0,71;"g"
"1179";1484;1638;"Plestiodon chinensis";"Mass";27;0,7;"g"
"1180";1484;1638;"Plestiodon chinensis";"Mass";27;0,67;"g"
"1181";1484;1638;"Plestiodon chinensis";"Mass";27;0,67;"g"
"1182";1484;1638;"Plestiodon chinensis";"Mass";26,1;0,69;"g"
"1183";1501;1666;"Oedura lesueurii";"Mass";23,2;0,38;"g"
"1184";1501;1666;"Oedura lesueurii";"Mass";27;0,44;"g"
"1185";1501;1666;"Oedura lesueurii";"Mass";23,2;0,32;"g"
"1186";1501;1666;"Oedura lesueurii";"Mass";27;0,44;"g"
"1187";1510;1670;"Anolis sagrei";"Mass";20,39;0,15;"g"
"1188";1510;1670;"Anolis sagrei";"Mass";21,47;0,18;"g"
"1189";1510;1670;"Anolis sagrei";"Mass";25,69;0,18;"g"
"1190";1510;1670;"Anolis sagrei";"Mass";26,92;0,17;"g"
"1191";1518;1673;"Iberolacerta cyreni";"Mass";22;0,53;"g"
"1192";1518;1673;"Iberolacerta cyreni";"Mass";26;0,55;"g"
"1193";1518;1673;"Iberolacerta cyreni";"Mass";30;0,52;"g"
"1194";1518;1673;"Iberolacerta cyreni";"Mass";22;0,71;"g"
"1195";1518;1673;"Iberolacerta cyreni";"Mass";26;0,87;"g"
"1196";1518;1673;"Iberolacerta cyreni";"Mass";30;0,85;"g"
"1197";1518;1673;"Iberolacerta cyreni";"Mass";22;0,56;"g"
"1198";1518;1673;"Iberolacerta cyreni";"Mass";26;0,56;"g"
"1199";1518;1673;"Iberolacerta cyreni";"Mass";30;0,51;"g"
"1200";1518;1673;"Iberolacerta cyreni";"Mass";22;0,74;"g"
"1201";1518;1673;"Iberolacerta cyreni";"Mass";26;0,81;"g"
"1202";1518;1673;"Iberolacerta cyreni";"Mass";30;0,83;"g"
"1203";1518;1673;"Iberolacerta cyreni";"Mass";22;0,55;"g"
"1204";1518;1673;"Iberolacerta cyreni";"Mass";26;0,56;"g"
"1205";1518;1673;"Iberolacerta cyreni";"Mass";30;0,54;"g"
"1206";1518;1673;"Iberolacerta cyreni";"Mass";22;0,76;"g"
"1207";1518;1673;"Iberolacerta cyreni";"Mass";26;0,87;"g"
"1208";1518;1673;"Iberolacerta cyreni";"Mass";30;0,87;"g"
"1209";1518;1673;"Iberolacerta cyreni";"Mass";22;0,52;"g"
"1210";1518;1673;"Iberolacerta cyreni";"Mass";26;0,53;"g"
"1211";1518;1673;"Iberolacerta cyreni";"Mass";30;0,5;"g"
"1212";1518;1673;"Iberolacerta cyreni";"Mass";22;0,68;"g"
"1213";1518;1673;"Iberolacerta cyreni";"Mass";26;0,8;"g"
"1214";1518;1673;"Iberolacerta cyreni";"Mass";30;0,81;"g"
"1215";1527;1571;"Pelodiscus sinensis";"Mass";23;3,07;"g"
"1216";1527;1571;"Pelodiscus sinensis";"Mass";24;3,21;"g"
"1217";1527;1571;"Pelodiscus sinensis";"Mass";26,5;3,27;"g"
"1218";1527;1571;"Pelodiscus sinensis";"Mass";27;3,3;"g"
"1219";1527;1571;"Pelodiscus sinensis";"Mass";28;3,26;"g"
"1220";1527;1571;"Pelodiscus sinensis";"Mass";30;3,26;"g"
"1221";1527;1571;"Pelodiscus sinensis";"Mass";32;3,26;"g"
"1222";1527;1571;"Pelodiscus sinensis";"Mass";33;3,19;"g"
"1223";1527;1571;"Pelodiscus sinensis";"Mass";34;3,21;"g"
"1224";1527;1571;"Pelodiscus sinensis";"Mass";26;12,96;"g"
"1225";1527;1571;"Pelodiscus sinensis";"Mass";30;9,69;"g"
"1226";1527;1571;"Pelodiscus sinensis";"Mass";32;10;"g"
"1227";1527;1571;"Pelodiscus sinensis";"Mass";34;7,68;"g"
"1228";1538;1581;"Alligator mississippiensis";"Mass";30;47,6;"g"
"1229";1538;1581;"Alligator mississippiensis";"Mass";34;43,7;"g"
"1230";1538;1581;"Alligator mississippiensis";"Mass";32;46,2;"g"
"1231";1538;1581;"Alligator mississippiensis";"Mass";32;45,8;"g"
"1232";1538;1581;"Alligator mississippiensis";"Mass";30;708,3;"g"
"1233";1538;1581;"Alligator mississippiensis";"Mass";34;475;"g"
"1234";1558;1573;"Ocadia sinensis";"Mass";24;4,653;"g"
"1235";1558;1573;"Ocadia sinensis";"Mass";26;4,342;"g"
"1236";1558;1573;"Ocadia sinensis";"Mass";28;4,5;"g"
"1237";1558;1573;"Ocadia sinensis";"Mass";30;4,589;"g"
"1238";1558;1573;"Ocadia sinensis";"Mass";31;4,487;"g"
"1239";1565;1573;"Mauremys mutica";"Mass";24;6,6533;"g"
"1240";1565;1573;"Mauremys mutica";"Mass";26;6,4462;"g"
"1241";1565;1573;"Mauremys mutica";"Mass";28;6,5233;"g"
"1242";1565;1573;"Mauremys mutica";"Mass";30;6,4971;"g"
"1243";1567;1575;"Elseya albagula";"Mass";26;33,4;"g"
"1244";1567;1575;"Elseya albagula";"Mass";28;33,7;"g"
"1245";1567;1575;"Elseya albagula";"Mass";30;33,6;"g"
"1246";1567;1575;"Elseya albagula";"Mass";26;16;"g"
"1247";1567;1575;"Elseya albagula";"Mass";28;15,5;"g"
"1248";1567;1575;"Elseya albagula";"Mass";30;15,8;"g"
